Timestamp,ax,ay,az,qr,qi,qj,qk
2026-05-01 14:58:17,-1.9922,-2.1055,9.3438,0.988647,-0.107849,0.104248,-0.011353
2026-05-01 14:58:17,-1.9922,-2.0703,9.1172,0.988647,-0.107727,0.104126,-0.011475
2026-05-01 14:58:17,-1.9531,-2.1055,9.3828,0.988831,-0.107056,0.103149,-0.011414
2026-05-01 14:58:17,-1.9922,-2.1055,9.3438,0.988831,-0.106995,0.103149,-0.011414
2026-05-01 14:58:17,-1.9531,-2.1055,9.3438,0.988831,-0.106995,0.103149,-0.011414
2026-05-01 14:58:17,-1.9531,-2.1055,9.3828,0.988831,-0.106995,0.103149,-0.011414
2026-05-01 14:58:17,-1.9531,-2.1055,9.3438,0.988831,-0.106995,0.103149,-0.011414
2026-05-01 14:58:17,-1.9922,-2.1055,9.3438,0.988831,-0.106934,0.103149,-0.011414
2026-05-01 14:58:17,-1.9531,-2.1055,9.3438,0.988831,-0.106934,0.103149,-0.011414
2026-05-01 14:58:17,-1.9531,-2.0703,9.3086,0.988831,-0.106934,0.103088,-0.011414
2026-05-01 14:58:18,-1.9531,-2.1445,9.3477,0.988831,-0.106873,0.103088,-0.011353
2026-05-01 14:58:18,-1.9922,-2.0703,9.3438,0.988831,-0.106873,0.103088,-0.011353
2026-05-01 14:58:18,-1.9922,-2.0703,9.3828,0.988831,-0.106812,0.103088,-0.011353
2026-05-01 14:58:18,-1.9922,-2.1055,9.3828,0.988831,-0.106812,0.103088,-0.011353
2026-05-01 14:58:18,-1.9531,-2.1055,9.3438,0.988831,-0.106812,0.103027,-0.011353
2026-05-01 14:58:18,-1.9531,-2.1055,9.3438,0.988831,-0.106812,0.103027,-0.011414
2026-05-01 14:58:18,-1.9531,-2.1445,9.3867,0.988831,-0.106873,0.103027,-0.011414
2026-05-01 14:58:18,-1.9922,-2.1055,9.3828,0.988831,-0.106873,0.102966,-0.011353
2026-05-01 14:58:18,-1.9922,-2.1055,9.3086,0.988831,-0.106873,0.102966,-0.011414
2026-05-01 14:58:18,-1.9922,-2.0703,9.3086,0.988831,-0.106873,0.102966,-0.011414
2026-05-01 14:58:18,-1.9531,-2.1055,9.3438,0.988831,-0.107056,0.103088,-0.011536
2026-05-01 14:58:18,-1.9922,-2.0703,9.3828,0.988831,-0.106995,0.103088,-0.011475
2026-05-01 14:58:18,-1.9922,-2.1055,9.3828,0.988831,-0.106995,0.103088,-0.011475
2026-05-01 14:58:18,-1.9141,-2.0703,9.3438,0.988831,-0.106995,0.103088,-0.011536
2026-05-01 14:58:18,-1.8008,-2.1836,9.1211,0.988831,-0.106995,0.103088,-0.011536
2026-05-01 14:58:18,-1.9141,-2.1445,9.4219,0.988831,-0.106995,0.103027,-0.011536
2026-05-01 14:58:18,-1.8398,-2.1055,9.1602,0.988831,-0.107056,0.103027,-0.011475
2026-05-01 14:58:18,-1.9531,-2.1445,9.4219,0.988831,-0.107056,0.103027,-0.011475
2026-05-01 14:58:18,-1.9531,-2.1055,9.3086,0.988831,-0.107056,0.103027,-0.011414
2026-05-01 14:58:18,-1.9922,-2.0703,9.3438,0.988831,-0.107056,0.103027,-0.011414
2026-05-01 14:58:18,-1.9531,-2.1445,9.3867,0.988831,-0.106934,0.103088,-0.011414
2026-05-01 14:58:18,-1.9531,-2.1055,9.3438,0.988831,-0.106812,0.103088,-0.011475
2026-05-01 14:58:18,-1.9531,-2.0703,9.3828,0.988831,-0.106812,0.103088,-0.011414
2026-05-01 14:58:18,-1.9531,-2.1055,9.3828,0.988831,-0.106812,0.103088,-0.011414
2026-05-01 14:58:18,-1.9922,-2.0703,9.3828,0.988831,-0.106873,0.103088,-0.011414
2026-05-01 14:58:18,-1.9922,-2.0703,9.3438,0.988831,-0.106873,0.103088,-0.011414
2026-05-01 14:58:18,-2.0313,-2.0703,9.3438,0.988831,-0.106934,0.103149,-0.011414
2026-05-01 14:58:18,-2.1055,-2.0703,9.4219,0.988831,-0.106934,0.103149,-0.011353
2026-05-01 14:58:18,-1.9531,-2.1055,9.3828,0.988831,-0.106995,0.103088,-0.011353
2026-05-01 14:58:18,-1.9531,-2.1445,9.3047,0.988831,-0.106995,0.103088,-0.011353
2026-05-01 14:58:19,-2.1055,-2.1445,9.2266,0.988831,-0.107300,0.102722,-0.010376
2026-05-01 14:58:19,-1.8008,-2.2227,9.1172,0.988892,-0.107971,0.101929,-0.003845
2026-05-01 14:58:19,-1.8789,-2.2617,9.3047,0.988892,-0.108459,0.101440,0.000427
2026-05-01 14:58:19,-1.9141,-2.3359,9.5039,0.988892,-0.108643,0.101257,0.002075
2026-05-01 14:58:19,-1.9141,-2.2227,9.4258,0.988892,-0.108643,0.101196,0.002380
2026-05-01 14:58:19,-2.0313,-2.2227,9.5000,0.988892,-0.108887,0.100830,0.003479
2026-05-01 14:58:19,-1.9141,-2.1055,9.5000,0.988953,-0.108887,0.100586,0.003601
2026-05-01 14:58:19,-1.8398,-2.1445,9.2266,0.988953,-0.108704,0.100525,0.003723
2026-05-01 14:58:19,-1.7227,-2.2227,9.2305,0.989014,-0.108276,0.100830,0.003723
2026-05-01 14:58:19,-2.4141,-1.4570,10.0352,0.989014,-0.108215,0.100952,0.003784
2026-05-01 14:58:19,-1.9141,-2.2227,9.2695,0.989014,-0.108459,0.100586,0.004211
2026-05-01 14:58:19,-1.9531,-2.2227,9.2695,0.989014,-0.108582,0.100464,0.004211
2026-05-01 14:58:19,-1.9141,-2.0313,9.3867,0.989014,-0.108643,0.100403,0.004272
2026-05-01 14:58:19,-1.9531,-2.1836,9.3047,0.989014,-0.108643,0.100464,0.004272
2026-05-01 14:58:19,-1.9922,-2.1055,9.3828,0.989014,-0.108643,0.100403,0.004272
2026-05-01 14:58:19,-1.9922,-2.1445,9.3477,0.989014,-0.108704,0.100342,0.004272
2026-05-01 14:58:19,-1.9531,-2.1055,9.3438,0.989014,-0.108704,0.100281,0.004211
2026-05-01 14:58:19,-1.8398,-2.1445,9.4258,0.989014,-0.108643,0.100281,0.004150
2026-05-01 14:58:19,-1.7227,-2.2227,9.3047,0.989014,-0.108643,0.100281,0.003906
2026-05-01 14:58:19,-1.6836,-2.3750,9.2305,0.989014,-0.108459,0.100403,0.002930
2026-05-01 14:58:19,-1.8789,-2.1836,9.3438,0.988892,-0.108765,0.101135,-0.001099
2026-05-01 14:58:19,-1.9922,-2.0703,9.3438,0.988892,-0.108643,0.101135,-0.001404
2026-05-01 14:58:19,-1.9531,-2.0703,9.3438,0.988953,-0.108582,0.101196,-0.001526
2026-05-01 14:58:19,-1.9531,-2.1055,9.3438,0.988892,-0.108582,0.101196,-0.001526
2026-05-01 14:58:19,-1.9922,-2.1055,9.3828,0.988892,-0.108582,0.101196,-0.001526
2026-05-01 14:58:19,-2.0313,-2.1055,9.3828,0.988892,-0.108582,0.101257,-0.001587
2026-05-01 14:58:19,-1.9922,-2.0703,9.3438,0.988892,-0.108582,0.101257,-0.001526
2026-05-01 14:58:19,-1.9531,-2.1445,9.3867,0.988892,-0.108521,0.101257,-0.001587
2026-05-01 14:58:19,-1.9141,-2.1445,9.3867,0.988892,-0.108521,0.101257,-0.001587
2026-05-01 14:58:19,-1.9141,-2.1445,9.3867,0.988892,-0.108521,0.101257,-0.001587
2026-05-01 14:58:19,-1.9531,-2.1836,9.4219,0.988953,-0.108215,0.101257,-0.001770
2026-05-01 14:58:19,-1.8789,-2.1055,9.3477,0.988953,-0.108154,0.101257,-0.001709
2026-05-01 14:58:19,-1.9922,-2.1445,9.4219,0.988953,-0.108154,0.101257,-0.001709
2026-05-01 14:58:19,-1.9531,-2.0703,9.3438,0.988953,-0.108154,0.101257,-0.001648
2026-05-01 14:58:19,-1.9531,-2.1055,9.3086,0.988953,-0.108154,0.101257,-0.001648
2026-05-01 14:58:19,-1.9922,-2.1445,9.4219,0.988953,-0.108154,0.101257,-0.001648
2026-05-01 14:58:19,-1.9531,-2.1445,9.4219,0.988953,-0.108154,0.101257,-0.001587
2026-05-01 14:58:19,-1.9531,-2.1055,9.3828,0.988953,-0.108215,0.101257,-0.001587
2026-05-01 14:58:19,-1.9531,-2.0703,9.3438,0.988953,-0.108215,0.101318,-0.001526
2026-05-01 14:58:19,-2.0313,-2.0703,9.3438,0.988953,-0.108215,0.101318,-0.001526
2026-05-01 14:58:20,-1.9531,-2.2969,9.3438,0.988953,-0.108093,0.101318,-0.001526
2026-05-01 14:58:20,-1.9531,-2.1445,9.3867,0.988953,-0.108032,0.101379,-0.002747
2026-05-01 14:58:20,-1.9141,-2.1445,9.3477,0.988953,-0.108032,0.101379,-0.002747
2026-05-01 14:58:20,-1.9531,-2.0703,9.3828,0.988953,-0.108032,0.101379,-0.002747
2026-05-01 14:58:20,-1.9531,-2.1055,9.3438,0.988953,-0.108032,0.101379,-0.002747
2026-05-01 14:58:20,-2.1836,-2.1055,9.3438,0.988953,-0.108032,0.101379,-0.002808
2026-05-01 14:58:20,-2.1445,-2.0703,9.5000,0.988953,-0.107971,0.101440,-0.002991
2026-05-01 14:58:20,-1.9531,-2.1055,9.3086,0.988953,-0.107910,0.101562,-0.003845
2026-05-01 14:58:20,-1.8789,-1.9922,9.1172,0.988953,-0.107910,0.101624,-0.004089
2026-05-01 14:58:20,-2.2227,-2.3359,9.3828,0.988953,-0.107910,0.101624,-0.004089
2026-05-01 14:58:20,-1.6484,-2.1055,9.1563,0.988953,-0.107788,0.101501,-0.004211
2026-05-01 14:58:20,-1.8398,-2.1836,9.3438,0.988953,-0.107849,0.101562,-0.004089
2026-05-01 14:58:20,-1.9922,-2.0703,9.5000,0.988953,-0.107788,0.101562,-0.004150
2026-05-01 14:58:20,-1.9531,-2.1055,9.3438,0.988953,-0.107788,0.101501,-0.004150
2026-05-01 14:58:20,-1.9531,-2.1055,9.3086,0.988953,-0.107788,0.101562,-0.004150
2026-05-01 14:58:20,-1.9531,-2.1055,9.3438,0.988953,-0.107788,0.101562,-0.004150
2026-05-01 14:58:20,-1.9922,-2.1445,9.4219,0.988953,-0.107788,0.101562,-0.004150
2026-05-01 14:58:20,-1.9531,-2.1445,9.3477,0.988953,-0.107788,0.101562,-0.004150
2026-05-01 14:58:20,-1.9531,-2.1445,9.3047,0.988953,-0.107788,0.101562,-0.004150
2026-05-01 14:58:20,-1.9141,-2.1055,9.3438,0.988953,-0.107788,0.101562,-0.004150
2026-05-01 14:58:20,-1.9531,-2.0703,9.3438,0.988953,-0.107849,0.101562,-0.004150
2026-05-01 14:58:20,-1.9531,-2.1445,9.3477,0.988953,-0.107849,0.101562,-0.004150
2026-05-01 14:58:20,-1.9531,-2.1055,9.3438,0.988953,-0.107849,0.101562,-0.004150
2026-05-01 14:58:20,-1.9531,-2.0703,9.3086,0.988953,-0.107849,0.101562,-0.004150
2026-05-01 14:58:20,-2.0313,-2.1445,9.4219,0.988953,-0.107849,0.101562,-0.004150
2026-05-01 14:58:20,-1.9531,-2.1445,9.4648,0.988953,-0.107849,0.101562,-0.004150
2026-05-01 14:58:20,-1.8789,-2.1055,9.3477,0.988953,-0.107849,0.101562,-0.004150
2026-05-01 14:58:20,-1.8789,-2.1445,9.2695,0.988953,-0.107849,0.101562,-0.004150
2026-05-01 14:58:20,-1.9922,-2.1055,9.4258,0.988953,-0.107910,0.101501,-0.004150
2026-05-01 14:58:20,-1.9531,-2.1055,9.3086,0.988953,-0.107910,0.101501,-0.004150
2026-05-01 14:58:20,-1.9531,-2.1445,9.3867,0.988953,-0.107910,0.101440,-0.004028
2026-05-01 14:58:20,-1.9531,-2.1055,9.3438,0.988953,-0.107971,0.101440,-0.004028
2026-05-01 14:58:20,-1.9531,-2.1055,9.3086,0.988953,-0.107971,0.101440,-0.004028
2026-05-01 14:58:20,-1.9922,-2.1055,9.3086,0.988953,-0.108032,0.101440,-0.004089
2026-05-01 14:58:20,-1.9922,-2.1055,9.4258,0.988953,-0.107971,0.101440,-0.004089
2026-05-01 14:58:20,-1.9531,-2.1445,9.3477,0.988953,-0.107971,0.101440,-0.004028
2026-05-01 14:58:20,-1.9531,-2.1445,9.3477,0.988953,-0.107971,0.101440,-0.004028
2026-05-01 14:58:21,-1.9922,-2.1445,9.3477,0.988953,-0.107971,0.101379,-0.004089
2026-05-01 14:58:21,-1.9922,-1.9922,9.2305,0.988953,-0.107971,0.101379,-0.004028
2026-05-01 14:58:21,-2.1836,-1.9531,9.3867,0.988953,-0.107971,0.101379,-0.004028
2026-05-01 14:58:21,-1.9922,-2.1445,9.3867,0.988953,-0.108154,0.101318,-0.002258
2026-05-01 14:58:21,-1.7227,-1.5703,9.5039,0.988953,-0.108093,0.101379,-0.002502
2026-05-01 14:58:21,-1.8008,-2.1445,9.3477,0.988953,-0.108032,0.101379,-0.002808
2026-05-01 14:58:21,-2.1055,-2.3359,9.3086,0.988953,-0.107910,0.101440,-0.003296
2026-05-01 14:58:21,-2.1055,-2.2969,9.3477,0.989014,-0.107605,0.101501,-0.004089
2026-05-01 14:58:21,-1.9531,-1.9531,9.2656,0.989014,-0.107544,0.101440,-0.004150
2026-05-01 14:58:21,-1.8789,-2.0313,9.3086,0.989014,-0.107422,0.101440,-0.004211
2026-05-01 14:58:21,-1.8789,-2.0313,9.3438,0.988953,-0.107727,0.101501,-0.004333
2026-05-01 14:58:21,-1.9922,-2.2617,9.5000,0.988953,-0.107971,0.101562,-0.004333
2026-05-01 14:58:21,-1.9141,-2.1055,9.4258,0.988953,-0.107971,0.101562,-0.004333
2026-05-01 14:58:21,-1.8398,-2.2617,9.3477,0.989014,-0.107361,0.101318,-0.003967
2026-05-01 14:58:21,-1.9922,-2.2617,9.3086,0.989014,-0.107361,0.101257,-0.003845
2026-05-01 14:58:21,-1.9922,-2.3750,9.3477,0.989075,-0.107300,0.101257,-0.003784
2026-05-01 14:58:21,-1.9922,-2.4141,9.3047,0.989075,-0.107300,0.101257,-0.003784
2026-05-01 14:58:21,-1.9922,-2.1836,9.3477,0.989075,-0.107300,0.101257,-0.003845
2026-05-01 14:58:21,-1.9531,-2.1055,9.3828,0.989075,-0.107300,0.101257,-0.003784
2026-05-01 14:58:21,-1.9531,-1.7227,9.4609,0.989075,-0.107300,0.101196,-0.003723
2026-05-01 14:58:21,-1.9531,-1.9141,9.4648,0.989075,-0.107300,0.101196,-0.003662
2026-05-01 14:58:21,-1.8789,-1.9922,9.2695,0.989075,-0.107361,0.101196,-0.003662
2026-05-01 14:58:21,-1.9922,-2.0313,9.4648,0.989075,-0.107361,0.101196,-0.003723
2026-05-01 14:58:21,-1.9922,-2.1055,9.3438,0.989075,-0.107361,0.101196,-0.004028
2026-05-01 14:58:21,-1.9531,-2.1055,9.3438,0.989075,-0.107300,0.101196,-0.004150
2026-05-01 14:58:21,-1.9922,-2.1445,9.3047,0.989075,-0.107300,0.101257,-0.004395
2026-05-01 14:58:21,-1.9531,-2.1055,9.3438,0.989075,-0.107300,0.101257,-0.004578
2026-05-01 14:58:21,-1.9141,-2.1445,9.4219,0.989014,-0.107300,0.101257,-0.004639
2026-05-01 14:58:21,-1.9922,-2.1055,9.3438,0.989014,-0.107300,0.101318,-0.004761
2026-05-01 14:58:21,-2.0313,-2.1055,9.3438,0.989014,-0.107300,0.101318,-0.005066
2026-05-01 14:58:21,-1.9531,-2.0313,9.3477,0.989014,-0.107300,0.101318,-0.005127
2026-05-01 14:58:21,-1.8789,-2.0703,9.3867,0.989014,-0.107300,0.101318,-0.005188
2026-05-01 14:58:21,-1.9531,-2.0703,9.3828,0.989014,-0.107300,0.101379,-0.005310
2026-05-01 14:58:21,-2.0313,-2.2617,9.3086,0.988953,-0.107849,0.101624,-0.006592
2026-05-01 14:58:21,-1.6484,-2.2227,9.3828,0.988953,-0.107849,0.101624,-0.006653
2026-05-01 14:58:21,-1.9141,-2.2227,9.3438,0.988953,-0.107788,0.101685,-0.007263
2026-05-01 14:58:21,-2.0703,-2.1055,9.4219,0.988953,-0.107666,0.101685,-0.007507
2026-05-01 14:58:21,-1.9922,-2.1445,9.3477,0.988953,-0.107544,0.101624,-0.007568
2026-05-01 14:58:21,-1.9531,-2.1445,9.3477,0.989014,-0.107361,0.101562,-0.007568
2026-05-01 14:58:21,-1.9531,-2.0703,9.4258,0.989014,-0.107056,0.101501,-0.007568
2026-05-01 14:58:22,-1.9141,-2.0703,9.3438,0.989014,-0.107056,0.101501,-0.007568
2026-05-01 14:58:22,-1.8398,-1.8789,9.1953,0.989014,-0.107117,0.101501,-0.007568
2026-05-01 14:58:22,-1.9922,-2.0703,9.3438,0.988953,-0.107666,0.101624,-0.007629
2026-05-01 14:58:22,-1.9531,-2.2617,9.3438,0.988831,-0.108276,0.101929,-0.008545
2026-05-01 14:58:22,-2.0313,-2.1055,9.4258,0.988892,-0.107971,0.101929,-0.008972
2026-05-01 14:58:22,-1.9531,-2.2617,9.4258,0.988892,-0.107727,0.101868,-0.009277
2026-05-01 14:58:22,-1.9531,-2.2617,9.3086,0.988953,-0.107361,0.101746,-0.009644
2026-05-01 14:58:22,-1.9531,-2.2617,9.3438,0.988953,-0.107361,0.101807,-0.010071
2026-05-01 14:58:22,-1.9531,-2.1836,9.3477,0.988953,-0.107300,0.101868,-0.010681
2026-05-01 14:58:22,-2.3750,-2.1445,9.2656,0.988953,-0.107239,0.101929,-0.011475
2026-05-01 14:58:22,-1.8008,-1.9922,9.4648,0.988892,-0.107239,0.101990,-0.011963
2026-05-01 14:58:22,-1.9531,-2.0703,9.4258,0.988892,-0.107178,0.102051,-0.012268
2026-05-01 14:58:22,-1.9531,-2.0313,9.3867,0.988892,-0.107117,0.102112,-0.012634
2026-05-01 14:58:22,-2.2969,-2.5664,10.2305,0.989197,-0.104614,0.101990,-0.014099
2026-05-01 14:58:22,-2.0703,-2.2617,9.6914,0.989380,-0.103088,0.101318,-0.014038
2026-05-01 14:58:22,-2.1055,-1.7617,9.3477,0.990051,-0.098755,0.099548,-0.013855
2026-05-01 14:58:22,-2.1836,-1.6484,9.6484,0.990479,-0.095886,0.098083,-0.013611
2026-05-01 14:58:22,-1.7617,-1.7227,10.3867,0.991638,-0.087219,0.094360,-0.012817
2026-05-01 14:58:22,-1.9531,-1.6484,9.9219,0.992371,-0.081055,0.092285,-0.012451
2026-05-01 14:58:22,-1.7617,-2.0703,9.9648,0.992554,-0.079163,0.091614,-0.012390
2026-05-01 14:58:22,-1.6836,-1.6836,9.4648,0.993652,-0.068726,0.088013,-0.012085
2026-05-01 14:58:22,-1.9531,-1.3398,9.3086,0.994324,-0.061829,0.085571,-0.011841
2026-05-01 14:58:22,-1.6094,-1.5313,9.5820,0.994934,-0.055054,0.083374,-0.011414
2026-05-01 14:58:22,-1.4570,0.0391,9.6914,0.997986,0.002258,0.062744,-0.007751
2026-05-01 14:58:22,-0.9180,0.8047,9.6133,0.997803,0.046570,0.046753,-0.002258
2026-05-01 14:58:22,-1.0742,0.9961,9.6523,0.997620,0.052673,0.044678,-0.001221
2026-05-01 14:58:22,-0.8047,1.0742,9.6094,0.997498,0.054932,0.043884,-0.000854
2026-05-01 14:58:22,-0.8047,1.4570,9.1172,0.997131,0.063416,0.040833,0.000366
2026-05-01 14:58:22,-0.5352,1.2656,9.1992,0.996887,0.068665,0.038879,0.001038
2026-05-01 14:58:22,-0.7266,1.2656,9.6523,0.996643,0.073059,0.037415,0.001404
2026-05-01 14:58:22,-0.7266,1.3398,9.6484,0.996338,0.077454,0.035767,0.001648
2026-05-01 14:58:22,-0.7266,1.3789,10.0039,0.996033,0.081970,0.033997,0.001709
2026-05-01 14:58:22,-0.7656,1.9922,9.2656,0.995728,0.086426,0.032227,0.001526
2026-05-01 14:58:23,-0.6523,2.1055,9.3047,0.993469,0.111755,0.023132,0.001404
2026-05-01 14:58:23,-0.3438,2.3750,8.9609,0.993103,0.114929,0.022339,0.002014
2026-05-01 14:58:23,-0.3438,2.3359,8.8164,0.993042,0.115356,0.022217,0.002197
2026-05-01 14:58:23,-0.4219,2.2969,9.1992,0.992859,0.117004,0.022156,0.002991
2026-05-01 14:58:23,-0.5352,2.1836,9.5391,0.992859,0.117371,0.022217,0.003174
2026-05-01 14:58:23,-0.5352,2.3359,9.3438,0.992615,0.119141,0.021973,0.003967
2026-05-01 14:58:23,-0.3047,2.6055,8.8828,0.992493,0.120239,0.021606,0.004395
2026-05-01 14:58:23,-0.7656,2.6797,9.2695,0.992432,0.120850,0.021484,0.004700
2026-05-01 14:58:23,-0.2305,2.3359,9.2305,0.992371,0.121216,0.021545,0.004883
2026-05-01 14:58:23,-0.4219,2.3750,9.1953,0.992371,0.121338,0.021606,0.005005
2026-05-01 14:58:23,-0.6133,2.1445,9.6523,0.992615,0.118958,0.022278,0.003967
2026-05-01 14:58:23,-0.5742,2.2617,9.4609,0.992737,0.118347,0.022461,0.003784
2026-05-01 14:58:23,-0.5742,2.2617,9.4258,0.992737,0.118225,0.022461,0.003723
2026-05-01 14:58:23,-0.4961,2.2227,9.4219,0.992737,0.118164,0.022461,0.003662
2026-05-01 14:58:23,-0.5352,2.2617,9.3867,0.992737,0.118164,0.022461,0.003601
2026-05-01 14:58:23,-0.5352,2.2617,9.3477,0.992737,0.118225,0.022461,0.003601
2026-05-01 14:58:23,-0.4961,2.2969,9.3867,0.992737,0.118225,0.022522,0.003662
2026-05-01 14:58:23,-0.4219,2.3359,9.3867,0.992737,0.118225,0.022522,0.003662
2026-05-01 14:58:23,-0.4609,2.3750,9.2695,0.992737,0.118164,0.022583,0.003723
2026-05-01 14:58:23,-0.4609,2.2617,9.3867,0.992737,0.117981,0.022644,0.003723
2026-05-01 14:58:23,-0.5742,2.2227,9.3828,0.993042,0.115173,0.024109,0.003784
2026-05-01 14:58:23,-0.4961,2.2227,9.3867,0.993225,0.113708,0.024658,0.005127
2026-05-01 14:58:23,-0.5352,2.1836,9.3828,0.993225,0.113647,0.024597,0.005127
2026-05-01 14:58:23,-0.4961,2.2617,9.3047,0.993225,0.113647,0.024658,0.005127
2026-05-01 14:58:23,-0.5352,2.2227,9.3047,0.993225,0.113464,0.024780,0.005127
2026-05-01 14:58:23,-0.5352,2.1836,9.3828,0.993225,0.113342,0.024963,0.005127
2026-05-01 14:58:23,-0.5742,2.1445,9.5039,0.993225,0.113342,0.025024,0.005188
2026-05-01 14:58:23,-0.5352,2.1836,9.4258,0.993225,0.113403,0.025085,0.005249
2026-05-01 14:58:23,-0.5352,2.2617,9.2656,0.993225,0.113342,0.025085,0.005310
2026-05-01 14:58:23,-0.5352,2.1836,9.4258,0.993225,0.113342,0.025146,0.005310
2026-05-01 14:58:24,-0.5352,2.1836,9.4258,0.993164,0.113892,0.025452,0.005432
2026-05-01 14:58:24,-0.4609,2.2969,9.2305,0.992981,0.115356,0.025391,0.005432
2026-05-01 14:58:24,-0.4609,2.2617,9.3047,0.992981,0.115295,0.025513,0.005554
2026-05-01 14:58:24,-0.5352,2.2227,9.3867,0.992981,0.115173,0.025635,0.005554
2026-05-01 14:58:24,-0.5742,2.1055,9.5391,0.993042,0.114868,0.025818,0.005554
2026-05-01 14:58:24,-0.5352,2.1836,9.5000,0.993042,0.114624,0.026001,0.005615
2026-05-01 14:58:24,-0.5352,2.1836,9.4258,0.993042,0.114502,0.026123,0.005615
2026-05-01 14:58:24,-0.5352,2.1445,9.4609,0.993103,0.114319,0.026245,0.005615
2026-05-01 14:58:24,-0.6133,2.1055,9.5430,0.993103,0.114319,0.026245,0.005554
2026-05-01 14:58:24,-0.4961,2.2617,9.3047,0.993103,0.114319,0.026184,0.005493
2026-05-01 14:58:24,-0.5352,2.1836,9.3828,0.993164,0.113953,0.025818,0.004272
2026-05-01 14:58:24,-0.4609,2.2617,9.3047,0.993103,0.114258,0.026367,0.004700
2026-05-01 14:58:24,-0.5352,2.2227,9.3047,0.993103,0.114197,0.026428,0.004700
2026-05-01 14:58:24,-0.4961,2.1055,9.4648,0.993164,0.113403,0.026733,0.004639
2026-05-01 14:58:24,-0.4961,2.1836,9.3828,0.993225,0.112915,0.026855,0.004578
2026-05-01 14:58:24,-0.5352,2.1445,9.3828,0.993286,0.112427,0.026978,0.004456
2026-05-01 14:58:24,-0.5742,2.1055,9.4609,0.993286,0.112305,0.027039,0.004395
2026-05-01 14:58:24,-0.5352,2.1055,9.4648,0.993347,0.111877,0.027100,0.004211
2026-05-01 14:58:24,-0.5742,2.1445,9.4219,0.993347,0.111572,0.027222,0.004089
2026-05-01 14:58:24,-0.5742,2.1445,9.3867,0.993408,0.111511,0.027222,0.004028
2026-05-01 14:58:25,-0.5742,2.1836,9.3867,0.993286,0.112183,0.028320,0.004150
2026-05-01 14:58:25,-0.5352,2.1445,9.3828,0.993286,0.112183,0.028381,0.004150
2026-05-01 14:58:25,-0.5742,2.0313,9.5430,0.993286,0.112183,0.028381,0.004150
2026-05-01 14:58:25,-0.5742,2.1445,9.4648,0.993286,0.112305,0.028381,0.004150
2026-05-01 14:58:25,-0.5352,2.1836,9.3828,0.993225,0.112427,0.028381,0.004211
2026-05-01 14:58:25,-0.5352,2.1836,9.3828,0.993225,0.112549,0.028381,0.004211
2026-05-01 14:58:25,-0.4961,2.1836,9.3828,0.993225,0.112610,0.028381,0.004211
2026-05-01 14:58:25,-0.5352,2.1836,9.3438,0.993225,0.112671,0.028381,0.004211
2026-05-01 14:58:25,-0.5742,2.1836,9.3867,0.993225,0.112610,0.028442,0.004211
2026-05-01 14:58:25,-0.5742,2.1055,9.4609,0.993225,0.112549,0.028503,0.004211
2026-05-01 14:58:25,-0.5742,2.1445,9.3867,0.993225,0.112366,0.028870,0.004272
2026-05-01 14:58:25,-0.5352,2.1445,9.3828,0.993225,0.112305,0.029297,0.004517
2026-05-01 14:58:25,-0.5742,2.1445,9.4219,0.993225,0.112244,0.029358,0.004517
2026-05-01 14:58:25,-0.6133,2.1445,9.3828,0.993225,0.112244,0.029358,0.004456
2026-05-01 14:58:25,-0.6133,2.1445,9.4609,0.993225,0.112183,0.029419,0.004456
2026-05-01 14:58:25,-0.5742,2.1836,9.3867,0.993225,0.112244,0.029480,0.004456
2026-05-01 14:58:25,-0.6133,2.1445,9.4258,0.993225,0.112244,0.029541,0.004456
2026-05-01 14:58:25,-0.5742,2.1836,9.3477,0.993225,0.112244,0.029541,0.004456
2026-05-01 14:58:25,-0.5742,2.1445,9.4219,0.993225,0.112183,0.029602,0.004517
2026-05-01 14:58:25,-0.5352,2.1836,9.3828,0.993225,0.112061,0.029663,0.004517
2026-05-01 14:58:26,-0.6133,2.1055,9.4219,0.993225,0.111877,0.030151,0.004517
2026-05-01 14:58:26,-0.6133,2.1055,9.4219,0.993225,0.112183,0.030212,0.004456
2026-05-01 14:58:26,-0.5742,2.2227,9.2695,0.993225,0.112305,0.030151,0.004395
2026-05-01 14:58:26,-0.5742,2.1836,9.3867,0.993225,0.112305,0.030151,0.004395
2026-05-01 14:58:26,-0.5742,2.1836,9.4648,0.993225,0.112244,0.030273,0.004395
2026-05-01 14:58:26,-0.6133,2.1445,9.4258,0.993225,0.112305,0.030212,0.004395
2026-05-01 14:58:26,-0.5352,2.1836,9.3438,0.993225,0.112244,0.030212,0.004395
2026-05-01 14:58:26,-0.5742,2.1445,9.3867,0.993225,0.112244,0.030212,0.004395
2026-05-01 14:58:26,-0.5742,2.1836,9.3867,0.993225,0.112244,0.030273,0.004395
2026-05-01 14:58:26,-0.5742,2.1445,9.4219,0.993225,0.112183,0.030334,0.004395
2026-05-01 14:58:26,-0.6133,2.1445,9.4258,0.993225,0.112000,0.030518,0.004517
2026-05-01 14:58:26,-0.5742,2.1836,9.4219,0.993225,0.112122,0.030457,0.004517
2026-05-01 14:58:26,-0.5352,2.1836,9.3828,0.993225,0.112122,0.030518,0.004578
2026-05-01 14:58:26,-0.5742,2.1445,9.3867,0.993225,0.112183,0.030518,0.004578
2026-05-01 14:58:26,-0.5742,2.1055,9.4258,0.993225,0.112122,0.030518,0.004578
2026-05-01 14:58:26,-0.5742,2.1055,9.4609,0.993225,0.112183,0.030518,0.004578
2026-05-01 14:58:26,-0.5352,2.1055,9.4219,0.993225,0.112305,0.030457,0.004578
2026-05-01 14:58:26,-0.5742,2.1055,9.4609,0.993164,0.112366,0.030457,0.004578
2026-05-01 14:58:26,-0.3438,2.6445,9.8438,0.993164,0.112366,0.030457,0.004639
2026-05-01 14:58:26,-0.5352,2.7578,9.6133,0.993164,0.112671,0.030396,0.004517
2026-05-01 14:58:26,-0.6133,2.1445,9.5781,0.993225,0.111816,0.031555,0.004272
2026-05-01 14:58:26,-0.4609,2.4531,9.0000,0.993225,0.111938,0.031494,0.004272
2026-05-01 14:58:26,-0.7266,1.9922,9.5391,0.993225,0.111755,0.031555,0.004272
2026-05-01 14:58:26,-0.6133,2.1445,9.6523,0.993225,0.111633,0.031677,0.004272
2026-05-01 14:58:26,-0.5742,2.0313,9.4219,0.993225,0.111633,0.031738,0.004272
2026-05-01 14:58:26,-0.4961,2.2227,9.2656,0.993225,0.111572,0.031677,0.004272
2026-05-01 14:58:26,-0.6133,2.2227,9.5820,0.993225,0.111511,0.031738,0.004272
2026-05-01 14:58:26,-0.6133,2.0313,9.6875,0.993225,0.111511,0.031799,0.004211
2026-05-01 14:58:26,-0.5352,2.2617,9.1602,0.993225,0.111572,0.031738,0.004211
2026-05-01 14:58:26,-0.4609,2.2617,9.1211,0.993225,0.111572,0.031677,0.004211
2026-05-01 14:58:27,-0.5742,2.1445,9.3477,0.993286,0.111389,0.031799,0.004089
2026-05-01 14:58:27,-0.5742,2.1445,9.3047,0.993286,0.111389,0.031799,0.004150
2026-05-01 14:58:27,-0.5352,2.1836,9.2695,0.993286,0.111389,0.031799,0.004150
2026-05-01 14:58:27,-0.6133,2.1836,9.3438,0.993286,0.111328,0.031860,0.004150
2026-05-01 14:58:27,-0.6133,2.1836,9.5000,0.993286,0.111328,0.031921,0.004211
2026-05-01 14:58:27,-0.6133,2.1055,9.4648,0.993286,0.111267,0.031921,0.004211
2026-05-01 14:58:27,-0.5742,2.1836,9.3047,0.993286,0.111206,0.031921,0.004211
2026-05-01 14:58:27,-0.5742,2.1836,9.2656,0.993286,0.111084,0.031982,0.004211
2026-05-01 14:58:27,-0.6133,2.1055,9.4648,0.993286,0.110962,0.031982,0.004211
2026-05-01 14:58:27,-0.5742,2.1445,9.4648,0.993286,0.110962,0.032043,0.004211
2026-05-01 14:58:27,-0.6133,2.0703,9.4648,0.993286,0.110840,0.032166,0.004272
2026-05-01 14:58:27,-0.5352,2.1445,9.4258,0.993286,0.110840,0.032166,0.004272
2026-05-01 14:58:27,-0.5352,2.1445,9.3828,0.993286,0.110840,0.032166,0.004272
2026-05-01 14:58:27,-0.5742,2.1445,9.4219,0.993286,0.110840,0.032227,0.004272
2026-05-01 14:58:27,-0.6133,2.1445,9.4258,0.993286,0.110779,0.032227,0.004272
2026-05-01 14:58:27,-0.5742,2.1055,9.4258,0.993286,0.110718,0.032288,0.004272
2026-05-01 14:58:27,-0.6133,2.1445,9.4258,0.993347,0.110718,0.032288,0.004272
2026-05-01 14:58:27,-0.5742,2.1445,9.4648,0.993347,0.110718,0.032288,0.004272
2026-05-01 14:58:27,-0.5742,2.0703,9.4258,0.993347,0.110657,0.032288,0.004272
2026-05-01 14:58:27,-0.6133,2.1836,9.3828,0.993347,0.110718,0.032227,0.004272
2026-05-01 14:58:27,-0.5742,2.1445,9.3867,0.993347,0.110718,0.032166,0.004211
2026-05-01 14:58:27,-0.6133,2.1055,9.4648,0.993408,0.110046,0.032349,0.004333
2026-05-01 14:58:27,-0.5742,2.1445,9.3867,0.993408,0.110107,0.032349,0.004333
2026-05-01 14:58:27,-0.5352,2.1445,9.3438,0.993408,0.110107,0.032349,0.004333
2026-05-01 14:58:27,-0.5742,2.1836,9.3477,0.993408,0.109985,0.032410,0.004272
2026-05-01 14:58:27,-0.5742,2.1445,9.3867,0.993408,0.109802,0.032410,0.004211
2026-05-01 14:58:27,-0.5742,2.1055,9.5000,0.993408,0.109680,0.032410,0.004089
2026-05-01 14:58:27,-0.6133,2.0703,9.4648,0.993408,0.109680,0.032410,0.003967
2026-05-01 14:58:27,-0.6133,2.1445,9.3438,0.993469,0.109619,0.032349,0.003784
2026-05-01 14:58:27,-0.6523,2.1445,9.4258,0.993469,0.109619,0.032349,0.003784
2026-05-01 14:58:27,-0.5742,2.1055,9.3828,0.993469,0.109497,0.032166,0.003235
2026-05-01 14:58:27,-0.6133,2.1055,9.4648,0.993469,0.109558,0.032166,0.003296
2026-05-01 14:58:28,-0.6133,2.1055,9.4648,0.993469,0.109619,0.032166,0.003296
2026-05-01 14:58:28,-0.5742,2.1055,9.4258,0.993408,0.109802,0.032104,0.003418
2026-05-01 14:58:28,-0.6133,2.1445,9.3438,0.993408,0.109924,0.032043,0.003479
2026-05-01 14:58:28,-0.6133,2.1055,9.4219,0.993408,0.109985,0.032043,0.003479
2026-05-01 14:58:28,-0.6133,2.1445,9.4258,0.993408,0.110046,0.032043,0.003540
2026-05-01 14:58:28,-0.6133,2.0703,9.4219,0.993408,0.110107,0.032043,0.003540
2026-05-01 14:58:28,-0.5742,2.1445,9.3477,0.993408,0.110168,0.032043,0.003662
2026-05-01 14:58:28,-0.5742,2.1055,9.4258,0.993408,0.110229,0.032104,0.003723
2026-05-01 14:58:28,-0.6133,2.0703,9.5039,0.993347,0.110291,0.032166,0.004028
2026-05-01 14:58:28,-0.6133,2.1055,9.4219,0.993347,0.110352,0.032166,0.003967
2026-05-01 14:58:28,-0.6133,2.2227,9.3477,0.993347,0.110291,0.032166,0.003906
2026-05-01 14:58:28,-0.6133,2.1445,9.4258,0.993347,0.110291,0.032166,0.003906
2026-05-01 14:58:28,-0.5742,2.1055,9.4258,0.993408,0.110046,0.032166,0.003906
2026-05-01 14:58:28,-0.6133,2.1055,9.4219,0.993408,0.109924,0.032227,0.003906
2026-05-01 14:58:28,-0.6523,2.0703,9.4648,0.993408,0.109863,0.032227,0.003906
2026-05-01 14:58:28,-0.6133,2.0703,9.4648,0.993408,0.109863,0.032288,0.003845
2026-05-01 14:58:28,-0.5742,2.1445,9.3867,0.993408,0.109863,0.032288,0.003845
2026-05-01 14:58:28,-0.5742,2.1055,9.4258,0.993408,0.109863,0.032288,0.003845
2026-05-01 14:58:28,-0.6523,2.0703,9.4648,0.993408,0.109863,0.032288,0.003723
2026-05-01 14:58:28,-0.6133,2.1055,9.4648,0.993408,0.109863,0.032288,0.003723
2026-05-01 14:58:28,-0.6133,2.1445,9.3828,0.993408,0.109863,0.032288,0.003784
2026-05-01 14:58:28,-0.6133,2.1055,9.4648,0.993408,0.109863,0.032288,0.003784
2026-05-01 14:58:28,-0.6523,2.1055,9.4648,0.993408,0.109802,0.032288,0.003784
2026-05-01 14:58:28,-0.6133,2.1055,9.4219,0.993408,0.109863,0.032288,0.003845
2026-05-01 14:58:28,-0.6133,2.0703,9.3867,0.993408,0.109863,0.032288,0.003845
2026-05-01 14:58:28,-0.6133,2.1055,9.4219,0.993408,0.109924,0.032227,0.003845
2026-05-01 14:58:28,-0.6133,2.1445,9.3828,0.993408,0.109924,0.032227,0.003845
2026-05-01 14:58:28,-0.6133,2.1445,9.3438,0.993408,0.109985,0.032227,0.003845
2026-05-01 14:58:28,-0.6133,2.1055,9.3867,0.993408,0.109924,0.032349,0.004028
2026-05-01 14:58:28,-0.6523,2.1445,9.3828,0.993408,0.109985,0.032410,0.004211
2026-05-01 14:58:28,-0.6523,2.0703,9.4648,0.993408,0.110046,0.032410,0.004333
2026-05-01 14:58:28,-0.6133,2.1055,9.4219,0.993347,0.110168,0.032471,0.004456
2026-05-01 14:58:28,-0.6133,2.1055,9.4648,0.993347,0.110229,0.032471,0.004517
2026-05-01 14:58:28,-0.6133,2.1055,9.5039,0.993347,0.110352,0.032471,0.004578
2026-05-01 14:58:28,-0.5742,2.1055,9.3828,0.993347,0.110413,0.032471,0.004578
2026-05-01 14:58:28,-0.5742,2.1445,9.3867,0.993347,0.110474,0.032410,0.004578
2026-05-01 14:58:28,-0.5742,2.1445,9.3867,0.993347,0.110474,0.032410,0.004517
2026-05-01 14:58:28,-0.5742,2.1055,9.4258,0.993347,0.110474,0.032471,0.004517
2026-05-01 14:58:29,-0.6133,2.1445,9.4258,0.993347,0.110291,0.032288,0.004150
2026-05-01 14:58:29,-0.5742,2.1445,9.3477,0.993347,0.110291,0.032288,0.004150
2026-05-01 14:58:29,-0.5742,2.1445,9.3867,0.993347,0.110352,0.032288,0.004089
2026-05-01 14:58:29,-0.6133,2.1445,9.3828,0.993347,0.110291,0.032227,0.004089
2026-05-01 14:58:29,-0.5742,2.1055,9.4258,0.993347,0.110291,0.032227,0.004089
2026-05-01 14:58:29,-0.6523,2.1445,9.4258,0.993347,0.110291,0.032288,0.004089
2026-05-01 14:58:29,-0.6523,2.1445,9.4258,0.993347,0.110229,0.032288,0.004150
2026-05-01 14:58:29,-0.6133,2.1055,9.4648,0.993347,0.110229,0.032288,0.004211
2026-05-01 14:58:29,-0.6133,2.1055,9.5039,0.993347,0.110291,0.032288,0.004211
2026-05-01 14:58:29,-0.5742,2.1445,9.3867,0.993347,0.110352,0.032288,0.004333
2026-05-01 14:58:29,-0.6133,2.1445,9.3438,0.993347,0.110474,0.032166,0.004272
2026-05-01 14:58:29,-0.6523,2.0703,9.5039,0.993408,0.110168,0.032349,0.004089
2026-05-01 14:58:29,-0.6523,2.1055,9.4648,0.993347,0.110168,0.032349,0.004028
2026-05-01 14:58:29,-0.6133,2.1445,9.4258,0.993347,0.110229,0.032288,0.004028
2026-05-01 14:58:29,-0.6133,2.1445,9.3438,0.993347,0.110229,0.032288,0.004028
2026-05-01 14:58:29,-0.6523,2.1445,9.3828,0.993347,0.110229,0.032288,0.004089
2026-05-01 14:58:29,-0.6523,2.0703,9.4648,0.993347,0.110229,0.032288,0.004089
2026-05-01 14:58:29,-0.6133,2.1055,9.3867,0.993347,0.110291,0.032288,0.004028
2026-05-01 14:58:29,-0.6523,2.1055,9.4648,0.993347,0.110291,0.032288,0.004028
2026-05-01 14:58:29,-0.6523,2.0703,9.5039,0.993347,0.110352,0.032288,0.004028
2026-05-01 14:58:29,-0.6523,2.1445,9.3828,0.993347,0.110229,0.032410,0.004028
2026-05-01 14:58:29,-0.6133,2.1445,9.3438,0.993408,0.110107,0.032410,0.004028
2026-05-01 14:58:29,-0.5742,2.1445,9.3477,0.993408,0.109680,0.032532,0.004028
2026-05-01 14:58:29,-0.5742,2.1836,9.2656,0.993469,0.109314,0.032654,0.004028
2026-05-01 14:58:29,-0.6523,2.0313,9.4609,0.993469,0.109009,0.032837,0.003967
2026-05-01 14:58:29,-0.6914,2.0313,9.5820,0.993530,0.108765,0.032959,0.003967
2026-05-01 14:58:29,-0.6914,1.9531,9.5820,0.993530,0.108704,0.032959,0.003967
2026-05-01 14:58:29,-0.6523,2.0313,9.4258,0.993530,0.108704,0.032898,0.003967
2026-05-01 14:58:29,-0.6133,2.0703,9.4648,0.993530,0.108826,0.032898,0.003967
2026-05-01 14:58:29,-0.6133,2.1055,9.3867,0.993530,0.108887,0.032898,0.004028
2026-05-01 14:58:29,-0.5742,2.0703,9.4258,0.993469,0.109009,0.032776,0.004089
2026-05-01 14:58:29,-0.6523,2.0703,9.4219,0.993469,0.109070,0.032715,0.004089
2026-05-01 14:58:29,-0.6133,2.0703,9.4219,0.993469,0.109131,0.032715,0.004089
2026-05-01 14:58:29,-0.6133,2.1055,9.4219,0.993469,0.109192,0.032654,0.004089
2026-05-01 14:58:29,-0.6133,2.1445,9.3828,0.993469,0.109253,0.032654,0.004089
2026-05-01 14:58:29,-0.6133,2.0703,9.4219,0.993469,0.109253,0.032715,0.004089
2026-05-01 14:58:29,-0.6133,2.1055,9.4219,0.993469,0.109192,0.032715,0.004089
2026-05-01 14:58:29,-0.6133,2.0703,9.4219,0.993469,0.109192,0.032776,0.004089
2026-05-01 14:58:29,-0.6133,2.1055,9.3867,0.993469,0.109131,0.032776,0.004089
2026-05-01 14:58:29,-0.6133,2.0703,9.4219,0.993469,0.109070,0.032837,0.003967
2026-05-01 14:58:30,-0.6523,2.1055,9.3867,0.993469,0.109070,0.032898,0.003723
2026-05-01 14:58:30,-0.6133,2.0703,9.4648,0.993469,0.109009,0.032959,0.003723
2026-05-01 14:58:30,-0.6133,2.0703,9.4219,0.993469,0.108948,0.032898,0.003723
2026-05-01 14:58:30,-0.6523,2.1055,9.3867,0.993469,0.108948,0.032837,0.003723
2026-05-01 14:58:30,-0.6133,2.0703,9.4648,0.993469,0.108948,0.032837,0.003723
2026-05-01 14:58:30,-0.6133,2.0703,9.3867,0.993469,0.109009,0.032837,0.003723
2026-05-01 14:58:30,-0.6133,2.0703,9.3867,0.993469,0.109009,0.032837,0.003723
2026-05-01 14:58:30,-0.6133,2.1055,9.3867,0.993469,0.109070,0.032776,0.003723
2026-05-01 14:58:30,-0.6133,2.0703,9.4219,0.993469,0.109070,0.032776,0.003662
2026-05-01 14:58:30,-0.6133,2.0703,9.4648,0.993469,0.109070,0.032776,0.003662
2026-05-01 14:58:30,-0.6133,2.1055,9.3867,0.993469,0.109314,0.032593,0.003662
2026-05-01 14:58:30,-0.6133,2.1055,9.3477,0.993469,0.109436,0.032593,0.003662
2026-05-01 14:58:30,-0.6133,2.0703,9.4219,0.993469,0.109497,0.032532,0.003662
2026-05-01 14:58:30,-0.6133,2.1055,9.3867,0.993469,0.109497,0.032532,0.003601
2026-05-01 14:58:30,-0.6523,2.0703,9.5039,0.993469,0.109497,0.032532,0.003601
2026-05-01 14:58:30,-0.6133,2.0703,9.4648,0.993408,0.109619,0.032593,0.003540
2026-05-01 14:58:30,-0.6133,2.1055,9.3867,0.993408,0.109619,0.032593,0.003540
2026-05-01 14:58:30,-0.6133,2.1445,9.3438,0.993408,0.109558,0.032593,0.003479
2026-05-01 14:58:30,-0.6523,2.1055,9.3867,0.993469,0.109497,0.032654,0.003479
2026-05-01 14:58:30,-0.6523,2.0313,9.4609,0.993469,0.109497,0.032654,0.003540
2026-05-01 14:58:30,-0.6133,2.1055,9.3867,0.993408,0.109802,0.032593,0.003723
2026-05-01 14:58:30,-0.6133,2.1055,9.4219,0.993408,0.109802,0.032532,0.003662
2026-05-01 14:58:30,-0.6523,2.0703,9.4219,0.993408,0.109863,0.032471,0.003662
2026-05-01 14:58:30,-0.6133,2.0703,9.4219,0.993408,0.109985,0.032349,0.003662
2026-05-01 14:58:30,-0.6133,2.1055,9.4219,0.993408,0.110107,0.032288,0.003662
2026-05-01 14:58:30,-0.6133,2.1055,9.4219,0.993408,0.110168,0.032166,0.003601
2026-05-01 14:58:30,-0.5742,2.1445,9.3867,0.993408,0.110229,0.032166,0.003662
2026-05-01 14:58:30,-0.6133,2.1055,9.4219,0.993347,0.110291,0.032166,0.003662
2026-05-01 14:58:30,-0.6523,2.1445,9.3438,0.993408,0.110229,0.032166,0.003662
2026-05-01 14:58:30,-0.6133,2.1055,9.3867,0.993408,0.110229,0.032104,0.003601
2026-05-01 14:58:30,-0.5742,2.1445,9.3867,0.993347,0.110413,0.031982,0.003662
2026-05-01 14:58:30,-0.6133,2.1055,9.4219,0.993347,0.110352,0.031982,0.003662
2026-05-01 14:58:30,-0.6133,2.1055,9.3867,0.993347,0.110352,0.031921,0.003723
2026-05-01 14:58:30,-0.6133,2.1445,9.3828,0.993347,0.110352,0.031921,0.003723
2026-05-01 14:58:31,-0.6133,2.1445,9.3828,0.993347,0.110291,0.031921,0.003784
2026-05-01 14:58:31,-0.5742,2.1055,9.4258,0.993408,0.110229,0.031982,0.003784
2026-05-01 14:58:31,-0.6133,2.0703,9.4219,0.993408,0.110229,0.031982,0.003845
2026-05-01 14:58:31,-0.6523,2.1055,9.4219,0.993408,0.110229,0.031982,0.003845
2026-05-01 14:58:31,-0.6133,2.1055,9.4219,0.993408,0.110291,0.031921,0.003845
2026-05-01 14:58:31,-0.6133,2.1445,9.4258,0.993347,0.110291,0.031921,0.003845
2026-05-01 14:58:31,-0.6133,2.1445,9.3438,0.993347,0.110413,0.031860,0.003723
2026-05-01 14:58:31,-0.5742,2.1055,9.4258,0.993347,0.110352,0.031799,0.003662
2026-05-01 14:58:31,-0.5742,2.0703,9.4609,0.993408,0.110291,0.031799,0.003662
2026-05-01 14:58:31,-0.6133,2.1055,9.4219,0.993408,0.110291,0.031799,0.003662
2026-05-01 14:58:31,-0.6133,2.0703,9.4648,0.993408,0.110291,0.031860,0.003662
2026-05-01 14:58:31,-0.5742,2.1055,9.4258,0.993347,0.110352,0.031799,0.003662
2026-05-01 14:58:31,-0.5742,2.1836,9.3867,0.993347,0.110352,0.031738,0.003601
2026-05-01 14:58:31,-0.5742,2.1445,9.3477,0.993347,0.110413,0.031738,0.003601
2026-05-01 14:58:31,-0.6133,2.1055,9.4648,0.993347,0.110352,0.031738,0.003540
2026-05-01 14:58:31,-0.6523,2.1445,9.3438,0.993347,0.110352,0.031738,0.003540
2026-05-01 14:58:31,-0.5742,2.1445,9.3867,0.993408,0.109985,0.031799,0.003601
2026-05-01 14:58:31,-0.6523,2.0703,9.5039,0.993469,0.109741,0.031677,0.003357
2026-05-01 14:58:31,-0.6133,2.0703,9.5039,0.993469,0.109741,0.031616,0.003296
2026-05-01 14:58:31,-0.5742,2.0313,9.5039,0.993469,0.109680,0.031555,0.003174
2026-05-01 14:58:31,-0.6133,2.1055,9.4219,0.993469,0.109619,0.031555,0.003052
2026-05-01 14:58:31,-0.6133,2.0703,9.4219,0.993469,0.109619,0.031555,0.002991
2026-05-01 14:58:31,-0.6133,2.1055,9.4648,0.993469,0.109619,0.031555,0.002991
2026-05-01 14:58:31,-0.6133,2.1055,9.4219,0.993469,0.109619,0.031494,0.002991
2026-05-01 14:58:31,-0.5742,2.0703,9.4258,0.993469,0.109619,0.031555,0.003052
2026-05-01 14:58:31,-0.6133,2.1445,9.3828,0.993469,0.109619,0.031616,0.003052
2026-05-01 14:58:31,-0.5742,2.1055,9.4258,0.993408,0.110107,0.031494,0.003235
2026-05-01 14:58:31,-0.6133,2.1055,9.4219,0.993408,0.110168,0.031494,0.003235
2026-05-01 14:58:31,-0.6133,2.0703,9.4648,0.993408,0.110229,0.031494,0.003235
2026-05-01 14:58:31,-0.6133,2.1055,9.4219,0.993408,0.110352,0.031494,0.003296
2026-05-01 14:58:31,-0.6133,2.1445,9.3828,0.993408,0.110413,0.031494,0.003296
2026-05-01 14:58:31,-0.5742,2.1445,9.3867,0.993408,0.110413,0.031494,0.003357
2026-05-01 14:58:31,-0.5742,2.1445,9.3867,0.993408,0.110413,0.031494,0.003357
2026-05-01 14:58:31,-0.5742,2.1445,9.3867,0.993408,0.110413,0.031494,0.003357
2026-05-01 14:58:31,-0.6133,2.1445,9.3828,0.993408,0.110413,0.031555,0.003418
2026-05-01 14:58:31,-0.6133,2.0703,9.4219,0.993408,0.110291,0.031616,0.003357
2026-05-01 14:58:32,-0.5742,2.1055,9.4258,0.993408,0.109802,0.032104,0.003479
2026-05-01 14:58:32,-0.6133,2.1055,9.4219,0.993408,0.109863,0.032166,0.003479
2026-05-01 14:58:32,-0.6133,2.1055,9.4219,0.993408,0.109863,0.032166,0.003479
2026-05-01 14:58:32,-0.5742,2.0703,9.3828,0.993408,0.109863,0.032166,0.003479
2026-05-01 14:58:32,-0.6133,2.1445,9.3828,0.993408,0.109802,0.032227,0.003418
2026-05-01 14:58:32,-0.6133,2.1055,9.4219,0.993408,0.109802,0.032227,0.003418
2026-05-01 14:58:32,-0.6523,2.1055,9.3867,0.993408,0.109802,0.032288,0.003418
2026-05-01 14:58:32,-0.6133,2.1445,9.3828,0.993408,0.109802,0.032288,0.003418
2026-05-01 14:58:32,-0.6133,2.1445,9.3438,0.993408,0.109680,0.032349,0.003418
2026-05-01 14:58:32,-0.6523,2.1055,9.4219,0.993469,0.109558,0.032349,0.003418
2026-05-01 14:58:32,-0.4609,2.1055,9.3477,0.993713,0.106934,0.033325,0.002930
2026-05-01 14:58:32,-0.6914,2.0313,9.4219,0.993835,0.105347,0.034058,0.002686
2026-05-01 14:58:32,-0.6914,2.1055,9.2266,0.994080,0.103210,0.034790,0.002319
2026-05-01 14:58:32,-0.5352,2.0703,9.2656,0.994141,0.102051,0.035034,0.002075
2026-05-01 14:58:32,-0.5352,1.9531,9.3828,0.994324,0.100464,0.035400,0.001770
2026-05-01 14:58:32,-0.5742,2.0313,9.1953,0.994507,0.098511,0.036011,0.001343
2026-05-01 14:58:32,-0.6133,2.0313,9.1563,0.994507,0.097900,0.036194,0.001282
2026-05-01 14:58:32,-0.6914,1.8398,9.3828,0.994812,0.094299,0.037476,0.000671
2026-05-01 14:58:32,-0.6914,1.8398,9.3828,0.995056,0.091614,0.038391,0.000366
2026-05-01 14:58:32,-0.6914,1.6836,9.3867,0.995239,0.089111,0.039246,0.000122
2026-05-01 14:58:32,-0.9961,1.0742,9.2695,0.997070,0.058472,0.049622,-0.003418
2026-05-01 14:58:32,-1.1484,0.5742,10.2305,0.997437,0.046143,0.053955,-0.005066
2026-05-01 14:58:32,-1.1094,0.3828,9.9609,0.997559,0.041565,0.055725,-0.005676
2026-05-01 14:58:32,-1.2656,0.4961,9.3828,0.997620,0.037415,0.057434,-0.006165
2026-05-01 14:58:32,-1.2656,0.6133,9.6133,0.997681,0.035400,0.058228,-0.006409
2026-05-01 14:58:32,-1.2656,0.3828,9.5781,0.997681,0.029053,0.060730,-0.007202
2026-05-01 14:58:32,-1.2656,0.3047,9.4648,0.997681,0.024780,0.062439,-0.007629
2026-05-01 14:58:32,-1.4180,0.0391,9.7656,0.997681,0.020630,0.064148,-0.008118
2026-05-01 14:58:32,-1.3008,0.3438,9.5781,0.997681,0.019592,0.064575,-0.008240
2026-05-01 14:58:32,-1.4180,-0.0781,9.8867,0.997620,0.012024,0.067383,-0.009033
2026-05-01 14:58:32,-1.6484,-0.4609,9.2695,0.996643,-0.019165,0.078552,-0.011658
2026-05-01 14:58:32,-1.5703,-0.6523,10.2656,0.995972,-0.030945,0.083069,-0.012817
2026-05-01 14:58:32,-1.4922,-0.8828,9.9609,0.995789,-0.034180,0.084290,-0.013062
2026-05-01 14:58:32,-1.4922,-0.6133,9.1992,0.995544,-0.037354,0.085510,-0.013245
2026-05-01 14:58:32,-1.6484,-0.7656,9.5430,0.995300,-0.040649,0.086731,-0.013489
2026-05-01 14:58:32,-1.7227,-0.8828,9.8047,0.995117,-0.043762,0.087708,-0.013733
2026-05-01 14:58:32,-1.6836,-0.8047,9.6484,0.994873,-0.046814,0.088745,-0.013977
2026-05-01 14:58:32,-1.6094,-1.0742,9.5430,0.994629,-0.049927,0.089783,-0.014282
2026-05-01 14:58:32,-1.7617,-1.1875,9.4219,0.994324,-0.053284,0.090942,-0.014587
2026-05-01 14:58:32,-1.6836,-1.2656,9.8867,0.993958,-0.057251,0.092285,-0.014893
2026-05-01 14:58:33,-1.4180,-2.8711,11.4180,0.991150,-0.084534,0.100830,-0.016113
2026-05-01 14:58:33,-3.1016,-1.1484,11.0742,0.989075,-0.100586,0.106384,-0.016846
2026-05-01 14:58:33,-1.6484,-2.4531,9.9219,0.988953,-0.101746,0.106628,-0.017090
2026-05-01 14:58:33,-2.1445,-2.0703,9.5000,0.988892,-0.102417,0.106140,-0.017212
2026-05-01 14:58:33,-1.8398,-2.0313,9.1992,0.988892,-0.102600,0.106018,-0.017334
2026-05-01 14:58:33,-2.0313,-2.0703,9.5000,0.988892,-0.102539,0.106079,-0.017517
2026-05-01 14:58:33,-2.0313,-2.1836,9.3047,0.988892,-0.102478,0.106079,-0.017639
2026-05-01 14:58:33,-1.9922,-2.0703,9.3086,0.988892,-0.102478,0.106079,-0.017700
2026-05-01 14:58:33,-1.9531,-2.0703,9.3828,0.988892,-0.102478,0.106140,-0.017822
2026-05-01 14:58:33,-1.9141,-2.1055,9.3828,0.988892,-0.102478,0.106140,-0.017883
2026-05-01 14:58:33,-1.9531,-2.0703,9.3828,0.988831,-0.102173,0.106384,-0.020447
2026-05-01 14:58:33,-1.9922,-2.0313,9.3477,0.988831,-0.102051,0.106567,-0.021240
2026-05-01 14:58:33,-2.1055,-2.0313,9.2695,0.988831,-0.102112,0.106445,-0.020264
2026-05-01 14:58:33,-2.1055,-2.0313,9.3438,0.988892,-0.102173,0.106384,-0.019409
2026-05-01 14:58:33,-1.9531,-2.2617,9.5391,0.988892,-0.102295,0.106262,-0.018555
2026-05-01 14:58:33,-2.0313,-2.9492,9.5391,0.988770,-0.103271,0.106445,-0.017700
2026-05-01 14:58:33,-2.1055,-2.4531,9.5781,0.988770,-0.103638,0.106506,-0.017334
2026-05-01 14:58:33,-1.9531,-1.9922,9.3867,0.988770,-0.103333,0.106384,-0.017334
2026-05-01 14:58:33,-1.9141,-2.0703,9.3828,0.988831,-0.103149,0.106262,-0.017273
2026-05-01 14:58:33,-1.9531,-2.0703,9.3828,0.988831,-0.102966,0.106201,-0.017273
2026-05-01 14:58:33,-1.9531,-2.1055,9.3828,0.988892,-0.102905,0.106140,-0.017212
2026-05-01 14:58:33,-1.9922,-2.1055,9.4258,0.988892,-0.102905,0.106018,-0.017212
2026-05-01 14:58:33,-1.9531,-2.1055,9.3438,0.988892,-0.102905,0.106018,-0.017212
2026-05-01 14:58:33,-1.9531,-2.1055,9.3438,0.988892,-0.102905,0.105957,-0.017212
2026-05-01 14:58:33,-1.9922,-2.1055,9.4258,0.988892,-0.102905,0.105957,-0.017212
2026-05-01 14:58:33,-1.9531,-2.1055,9.3086,0.988892,-0.102905,0.105957,-0.017273
2026-05-01 14:58:33,-1.9531,-2.1055,9.3828,0.988892,-0.102905,0.105957,-0.017273
2026-05-01 14:58:33,-1.9531,-2.1055,9.3438,0.988892,-0.102905,0.105957,-0.017273
2026-05-01 14:58:33,-1.9531,-2.1055,9.3438,0.988892,-0.102905,0.105957,-0.017273
2026-05-01 14:58:33,-1.9531,-2.1055,9.3438,0.988892,-0.102905,0.105957,-0.017273
2026-05-01 14:58:34,-1.9531,-2.1055,9.3828,0.988892,-0.102722,0.105896,-0.017212
2026-05-01 14:58:34,-1.9531,-2.1055,9.3828,0.988892,-0.103027,0.105896,-0.017273
2026-05-01 14:58:34,-1.9922,-2.1055,9.3438,0.988892,-0.103088,0.105835,-0.017273
2026-05-01 14:58:34,-1.9922,-2.1055,9.3438,0.988892,-0.103088,0.105835,-0.017273
2026-05-01 14:58:34,-1.9922,-2.0703,9.3828,0.988892,-0.103088,0.105774,-0.017273
2026-05-01 14:58:34,-1.9922,-2.1055,9.3828,0.988892,-0.103149,0.105774,-0.017273
2026-05-01 14:58:34,-1.9531,-2.1445,9.3477,0.988892,-0.103210,0.105713,-0.017273
2026-05-01 14:58:34,-1.9922,-2.0703,9.3828,0.988892,-0.103271,0.105713,-0.017273
2026-05-01 14:58:34,-1.9922,-2.1055,9.3828,0.988892,-0.103271,0.105713,-0.017334
2026-05-01 14:58:34,-1.9531,-2.1055,9.3828,0.988892,-0.103333,0.105652,-0.017334
2026-05-01 14:58:34,-1.9922,-2.0703,9.3828,0.988892,-0.103455,0.105591,-0.017334
2026-05-01 14:58:34,-1.9922,-2.0703,9.3438,0.988831,-0.103577,0.105591,-0.017334
2026-05-01 14:58:34,-1.9922,-2.1055,9.3438,0.988831,-0.103638,0.105591,-0.017334
2026-05-01 14:58:34,-1.9531,-2.1055,9.3828,0.988831,-0.103699,0.105591,-0.017334
2026-05-01 14:58:34,-1.9922,-2.1055,9.3438,0.988831,-0.103760,0.105530,-0.017395
2026-05-01 14:58:34,-1.9922,-2.1055,9.3438,0.988831,-0.103760,0.105530,-0.017395
2026-05-01 14:58:34,-1.9531,-2.0703,9.3828,0.988831,-0.103760,0.105469,-0.017395
2026-05-01 14:58:34,-1.9531,-2.1055,9.3828,0.988831,-0.103760,0.105469,-0.017334
2026-05-01 14:58:34,-1.9531,-2.1055,9.3438,0.988831,-0.103821,0.105469,-0.017395
2026-05-01 14:58:34,-1.9922,-2.0703,9.3828,0.988831,-0.103821,0.105408,-0.017395
2026-05-01 14:58:34,-1.9531,-2.1445,9.3477,0.988831,-0.104187,0.105164,-0.017517
2026-05-01 14:58:34,-1.9922,-2.1055,9.3438,0.988831,-0.104187,0.105164,-0.017517
2026-05-01 14:58:34,-1.9531,-2.1055,9.3828,0.988831,-0.104187,0.105103,-0.017517
2026-05-01 14:58:34,-1.9531,-2.1055,9.3438,0.988831,-0.104248,0.105103,-0.017517
2026-05-01 14:58:34,-1.9531,-2.1055,9.3438,0.988831,-0.104248,0.105103,-0.017517
2026-05-01 14:58:34,-1.9922,-2.1055,9.3828,0.988831,-0.104309,0.105103,-0.017517
2026-05-01 14:58:34,-1.9922,-2.1055,9.4609,0.988831,-0.104309,0.105103,-0.017517
2026-05-01 14:58:34,-1.9531,-2.0703,9.3438,0.988831,-0.104431,0.105042,-0.017578
2026-05-01 14:58:34,-2.0313,-2.1055,9.3828,0.988831,-0.104431,0.105042,-0.017578
2026-05-01 14:58:34,-1.9531,-2.1055,9.3828,0.988831,-0.104431,0.105042,-0.017517
2026-05-01 14:58:34,-1.9531,-2.1055,9.3828,0.988831,-0.104614,0.104919,-0.017578
2026-05-01 14:58:34,-1.9922,-2.0703,9.3438,0.988770,-0.104736,0.104858,-0.017578
2026-05-01 14:58:34,-1.9922,-2.0703,9.3828,0.988770,-0.104736,0.104858,-0.017578
2026-05-01 14:58:34,-1.9531,-2.0703,9.3828,0.988770,-0.104797,0.104858,-0.017578
2026-05-01 14:58:34,-1.9531,-2.1055,9.3828,0.988770,-0.104797,0.104858,-0.017578
2026-05-01 14:58:34,-1.9922,-2.1055,9.3828,0.988770,-0.104797,0.104797,-0.017578
2026-05-01 14:58:34,-1.9531,-2.1445,9.3867,0.988770,-0.104797,0.104797,-0.017578
2026-05-01 14:58:34,-1.9922,-2.0703,9.3438,0.988770,-0.104858,0.104797,-0.017578
2026-05-01 14:58:35,-1.9531,-2.1055,9.3438,0.988770,-0.104858,0.104797,-0.017578
2026-05-01 14:58:35,-1.9531,-2.1055,9.3828,0.988770,-0.104858,0.104797,-0.017639
2026-05-01 14:58:35,-1.9922,-2.1055,9.3828,0.988770,-0.104980,0.104675,-0.017639
2026-05-01 14:58:35,-1.9531,-2.1055,9.3828,0.988770,-0.105042,0.104675,-0.017639
2026-05-01 14:58:35,-1.9922,-2.1055,9.3828,0.988770,-0.105042,0.104675,-0.017639
2026-05-01 14:58:35,-1.9531,-2.1055,9.3438,0.988770,-0.105042,0.104614,-0.017639
2026-05-01 14:58:35,-1.9922,-2.1055,9.3828,0.988770,-0.105103,0.104614,-0.017639
2026-05-01 14:58:35,-1.9922,-2.1055,9.3828,0.988770,-0.105103,0.104614,-0.017639
2026-05-01 14:58:35,-1.9531,-2.0703,9.3828,0.988770,-0.105103,0.104614,-0.017639
2026-05-01 14:58:35,-1.9922,-2.1055,9.3438,0.988770,-0.105103,0.104614,-0.017639
2026-05-01 14:58:35,-1.9922,-2.0703,9.3438,0.988770,-0.105164,0.104553,-0.017639
2026-05-01 14:58:35,-1.9922,-2.1055,9.3828,0.988770,-0.105164,0.104553,-0.017639
2026-05-01 14:58:35,-1.9531,-2.1055,9.3828,0.988770,-0.105286,0.104492,-0.017700
2026-05-01 14:58:35,-1.9531,-2.1055,9.4258,0.988770,-0.105286,0.104492,-0.017700
2026-05-01 14:58:35,-1.9531,-2.1055,9.3828,0.988770,-0.105286,0.104492,-0.017700
2026-05-01 14:58:35,-1.9922,-2.1055,9.3828,0.988770,-0.105347,0.104492,-0.017700
2026-05-01 14:58:35,-1.9922,-2.0703,9.3828,0.988770,-0.105347,0.104492,-0.017700
2026-05-01 14:58:35,-1.9531,-2.1055,9.3828,0.988770,-0.105347,0.104492,-0.017700
2026-05-01 14:58:35,-1.9531,-2.1055,9.3828,0.988770,-0.105347,0.104431,-0.017700
2026-05-01 14:58:35,-1.9531,-2.1055,9.3828,0.988770,-0.105408,0.104431,-0.017700
2026-05-01 14:58:35,-1.9922,-2.0703,9.3828,0.988770,-0.105408,0.104431,-0.017700
2026-05-01 14:58:35,-1.9531,-2.1055,9.3828,0.988770,-0.105408,0.104431,-0.017700
2026-05-01 14:58:35,-1.9531,-2.0703,9.3828,0.988770,-0.105530,0.104370,-0.017700
2026-05-01 14:58:35,-1.9922,-2.1055,9.3828,0.988770,-0.105530,0.104370,-0.017700
2026-05-01 14:58:35,-1.9922,-2.0703,9.3828,0.988770,-0.105530,0.104370,-0.017700
2026-05-01 14:58:35,-1.9531,-2.1055,9.3438,0.988770,-0.105530,0.104370,-0.017700
2026-05-01 14:58:35,-1.9922,-2.0703,9.3438,0.988770,-0.105591,0.104370,-0.017700
2026-05-01 14:58:35,-1.9922,-2.1055,9.3438,0.988770,-0.105591,0.104309,-0.017700
2026-05-01 14:58:35,-1.9531,-2.1055,9.3828,0.988770,-0.105591,0.104309,-0.017761
2026-05-01 14:58:35,-1.9922,-2.1055,9.3828,0.988770,-0.105591,0.104309,-0.017761
2026-05-01 14:58:35,-1.9531,-2.1055,9.3828,0.988770,-0.105591,0.104309,-0.017761
2026-05-01 14:58:35,-1.9922,-2.0703,9.3828,0.988770,-0.105591,0.104309,-0.017761
2026-05-01 14:58:35,-1.9922,-2.1055,9.3828,0.988770,-0.105713,0.104248,-0.017761
2026-05-01 14:58:35,-1.9922,-2.0703,9.4258,0.988770,-0.105713,0.104248,-0.017761
2026-05-01 14:58:35,-1.9531,-2.0703,9.3086,0.988770,-0.105713,0.104248,-0.017761
2026-05-01 14:58:36,-1.9531,-2.1055,9.3828,0.988770,-0.105713,0.104248,-0.017761
2026-05-01 14:58:36,-1.9531,-2.1055,9.4258,0.988770,-0.105713,0.104248,-0.017761
2026-05-01 14:58:36,-1.9922,-2.1055,9.3828,0.988770,-0.105713,0.104248,-0.017761
2026-05-01 14:58:36,-1.9922,-2.1055,9.4258,0.988770,-0.105713,0.104248,-0.017761
2026-05-01 14:58:36,-1.9531,-2.1055,9.3828,0.988770,-0.105774,0.104248,-0.017761
2026-05-01 14:58:36,-1.9531,-2.0703,9.3086,0.988770,-0.105774,0.104248,-0.017761
2026-05-01 14:58:36,-1.9922,-2.1055,9.3828,0.988770,-0.105774,0.104248,-0.017761
2026-05-01 14:58:36,-1.9922,-2.1055,9.3438,0.988770,-0.105835,0.104187,-0.017761
2026-05-01 14:58:36,-1.9531,-2.1055,9.4258,0.988770,-0.105835,0.104187,-0.017761
2026-05-01 14:58:36,-1.9922,-2.1055,9.3828,0.988770,-0.105835,0.104187,-0.017761
2026-05-01 14:58:36,-1.9531,-2.1055,9.3438,0.988770,-0.105896,0.104187,-0.017761
2026-05-01 14:58:36,-1.9922,-2.1055,9.3828,0.988770,-0.105896,0.104187,-0.017761
2026-05-01 14:58:36,-1.9922,-2.0703,9.3828,0.988770,-0.105896,0.104187,-0.017761
2026-05-01 14:58:36,-1.9922,-2.1055,9.3828,0.988770,-0.105896,0.104187,-0.017761
2026-05-01 14:58:36,-1.9922,-2.1055,9.3438,0.988770,-0.105896,0.104187,-0.017761
2026-05-01 14:58:36,-1.9922,-2.1055,9.3438,0.988770,-0.105896,0.104187,-0.017761
2026-05-01 14:58:36,-1.9531,-2.1055,9.3828,0.988770,-0.105896,0.104187,-0.017761
2026-05-01 14:58:36,-1.9531,-2.1055,9.3438,0.988770,-0.105957,0.104126,-0.017761
2026-05-01 14:58:36,-1.9922,-2.1055,9.3828,0.988708,-0.106018,0.104126,-0.017822
2026-05-01 14:58:36,-1.9922,-2.1055,9.3828,0.988708,-0.106018,0.104126,-0.017822
2026-05-01 14:58:36,-1.9922,-2.1055,9.3828,0.988708,-0.106018,0.104126,-0.017822
2026-05-01 14:58:36,-1.9922,-2.1445,9.3477,0.988708,-0.106018,0.104126,-0.017822
2026-05-01 14:58:36,-1.9531,-2.0313,9.3867,0.988708,-0.106018,0.104126,-0.017822
2026-05-01 14:58:36,-1.9922,-2.1055,9.3828,0.988708,-0.106079,0.104126,-0.017822
2026-05-01 14:58:36,-1.9922,-2.1055,9.3828,0.988708,-0.106079,0.104126,-0.017822
2026-05-01 14:58:36,-1.9531,-2.0703,9.3438,0.988708,-0.106079,0.104126,-0.017822
2026-05-01 14:58:36,-1.9141,-2.1055,9.3828,0.988708,-0.106079,0.104126,-0.017822
2026-05-01 14:58:36,-1.9922,-2.1055,9.3828,0.988708,-0.106140,0.104126,-0.017822
2026-05-01 14:58:36,-1.9531,-2.1055,9.3828,0.988708,-0.106140,0.104065,-0.017822
2026-05-01 14:58:36,-1.9531,-2.1055,9.3828,0.988708,-0.106140,0.104065,-0.017822
2026-05-01 14:58:36,-1.9531,-2.1055,9.3438,0.988708,-0.106140,0.104065,-0.017822
2026-05-01 14:58:36,-1.9531,-2.1055,9.3828,0.988708,-0.106201,0.104065,-0.017822
2026-05-01 14:58:36,-1.9531,-2.1055,9.3828,0.988708,-0.106201,0.104065,-0.017822
2026-05-01 14:58:36,-1.9531,-2.1055,9.3828,0.988708,-0.106201,0.104065,-0.017822
2026-05-01 14:58:36,-1.9531,-2.1055,9.3438,0.988708,-0.106201,0.104065,-0.017822
2026-05-01 14:58:36,-1.9922,-2.1055,9.3438,0.988708,-0.106201,0.104065,-0.017822
2026-05-01 14:58:36,-2.1055,-1.6484,9.5000,0.988708,-0.106201,0.104065,-0.017822
2026-05-01 14:58:37,-1.9141,-2.0313,9.3867,0.988770,-0.105774,0.103882,-0.017700
2026-05-01 14:58:37,-1.9141,-2.0703,9.3828,0.988770,-0.105774,0.103882,-0.017639
2026-05-01 14:58:37,-1.9531,-2.1055,9.3828,0.988770,-0.105774,0.103882,-0.017700
2026-05-01 14:58:37,-1.9531,-2.0703,9.4258,0.988770,-0.105713,0.103882,-0.017700
2026-05-01 14:58:37,-1.9531,-2.1055,9.3438,0.988770,-0.105713,0.103882,-0.017761
2026-05-01 14:58:37,-1.9531,-2.0703,9.3828,0.988831,-0.105713,0.103821,-0.017822
2026-05-01 14:58:37,-1.9922,-2.1055,9.3828,0.988831,-0.105713,0.103821,-0.017883
2026-05-01 14:58:37,-1.9922,-2.0703,9.3828,0.988831,-0.105652,0.103821,-0.017883
2026-05-01 14:58:37,-1.9922,-2.0703,9.3828,0.988831,-0.105652,0.103760,-0.017883
2026-05-01 14:58:37,-1.9922,-2.1055,9.3438,0.988831,-0.105591,0.103760,-0.017883
2026-05-01 14:58:37,-1.9531,-2.1055,9.3438,0.988831,-0.105408,0.103760,-0.018494
2026-05-01 14:58:37,-2.0313,-2.1445,9.3477,0.988831,-0.105347,0.103760,-0.018738
2026-05-01 14:58:37,-1.9141,-2.0313,9.3867,0.988831,-0.105347,0.103760,-0.018738
2026-05-01 14:58:37,-1.9922,-2.1055,9.3828,0.988831,-0.105347,0.103760,-0.018799
2026-05-01 14:58:37,-1.9141,-2.1055,9.3828,0.988831,-0.105347,0.103760,-0.018738
2026-05-01 14:58:37,-2.0313,-2.1055,9.3828,0.988831,-0.105408,0.103760,-0.018616
2026-05-01 14:58:37,-1.9141,-2.1836,9.3477,0.988831,-0.105408,0.103760,-0.018616
2026-05-01 14:58:37,-2.0313,-2.0313,9.3477,0.988831,-0.105591,0.103760,-0.018433
2026-05-01 14:58:37,-1.9141,-2.1836,9.3477,0.988770,-0.105835,0.103821,-0.018311
2026-05-01 14:58:37,-2.1055,-2.1445,9.4258,0.988770,-0.106018,0.103760,-0.018250
2026-05-01 14:58:37,-1.9141,-2.4883,10.7656,0.989075,-0.110840,0.095276,-0.019409
2026-05-01 14:58:37,-2.2227,-2.1836,8.7344,0.988892,-0.105469,0.103333,-0.018677
2026-05-01 14:58:37,-2.2227,-2.2617,8.8477,0.988770,-0.104187,0.105713,-0.018127
2026-05-01 14:58:37,-2.2227,-2.2969,9.0039,0.988647,-0.102905,0.108093,-0.017273
2026-05-01 14:58:37,-2.2227,-2.1836,8.9258,0.988647,-0.102722,0.108459,-0.017090
2026-05-01 14:58:37,-2.1836,-2.2617,8.9609,0.988586,-0.102478,0.109009,-0.016785
2026-05-01 14:58:37,-2.1445,-2.2227,8.9609,0.988647,-0.102295,0.108704,-0.016541
2026-05-01 14:58:37,-2.1836,-2.1445,8.8867,0.988770,-0.101990,0.107971,-0.016296
2026-05-01 14:58:37,-2.1055,-2.1836,8.9258,0.988892,-0.101929,0.106873,-0.016174
2026-05-01 14:58:37,-1.9531,-2.2227,9.1172,0.989014,-0.102051,0.105652,-0.016113
2026-05-01 14:58:37,-1.8789,-2.1445,9.5391,0.989868,-0.102905,0.096375,-0.017212
2026-05-01 14:58:37,-1.5703,-2.2969,9.5820,0.990234,-0.103333,0.091736,-0.017700
2026-05-01 14:58:37,-1.6484,-2.1836,9.6094,0.990417,-0.103088,0.090515,-0.017578
2026-05-01 14:58:37,-1.7617,-1.9141,9.6133,0.990540,-0.102844,0.089478,-0.017517
2026-05-01 14:58:37,-1.7227,-1.9141,9.6875,0.990601,-0.102722,0.088501,-0.017456
2026-05-01 14:58:38,-1.5703,-1.9922,9.6133,0.990723,-0.102295,0.087952,-0.017273
2026-05-01 14:58:38,-1.4922,-1.9141,9.4219,0.990784,-0.101624,0.087646,-0.017151
2026-05-01 14:58:38,-1.5313,-1.8398,9.2695,0.990906,-0.100830,0.087219,-0.017029
2026-05-01 14:58:38,-1.5703,-1.8008,9.3086,0.991028,-0.100037,0.086670,-0.016907
2026-05-01 14:58:38,-1.4922,-1.9141,9.4219,0.991211,-0.099182,0.085999,-0.016785
2026-05-01 14:58:38,-1.6094,-1.8398,9.2695,0.992493,-0.092896,0.078491,-0.012329
2026-05-01 14:58:38,-1.6484,-1.8789,9.3086,0.992554,-0.092896,0.078003,-0.011841
2026-05-01 14:58:38,-1.7227,-1.9531,9.5781,0.992615,-0.092896,0.076904,-0.011108
2026-05-01 14:58:38,-1.8008,-1.9922,9.5820,0.992737,-0.092957,0.075806,-0.010681
2026-05-01 14:58:38,-1.7617,-1.9531,9.5000,0.992798,-0.093201,0.074829,-0.010498
2026-05-01 14:58:38,-1.6094,-2.2969,9.6133,0.992798,-0.093384,0.074158,-0.010193
2026-05-01 14:58:38,-1.5703,-2.3359,9.9258,0.992859,-0.093140,0.074219,-0.009766
2026-05-01 14:58:38,-1.6484,-2.2969,9.7266,0.992859,-0.092651,0.074707,-0.009155
2026-05-01 14:58:38,-1.6094,-2.2969,9.5391,0.992859,-0.092285,0.075500,-0.008606
2026-05-01 14:58:38,-1.5703,-2.3750,9.5391,0.992737,-0.092041,0.077026,-0.007996
2026-05-01 14:58:38,-2.5664,-2.7969,9.0430,0.990417,-0.087402,0.106873,-0.006958
2026-05-01 14:58:38,-2.4141,-0.8047,9.0430,0.990601,-0.085876,0.106262,-0.010010
2026-05-01 14:58:38,-2.0313,-1.2656,9.8047,0.990967,-0.085938,0.101990,-0.011902
2026-05-01 14:58:38,-1.8398,-2.0313,9.9609,0.991333,-0.086487,0.097778,-0.013489
2026-05-01 14:58:38,-1.5313,-2.0313,9.7305,0.991699,-0.086060,0.094604,-0.014709
2026-05-01 14:58:38,-2.0313,-2.4883,9.7305,0.992065,-0.084045,0.092468,-0.015442
2026-05-01 14:58:38,-1.5313,-1.6094,8.1953,0.992371,-0.081238,0.091431,-0.015808
2026-05-01 14:58:38,-1.5313,-1.3008,8.3125,0.992554,-0.079346,0.090637,-0.016235
2026-05-01 14:58:38,-1.4570,-1.3008,9.6523,0.992737,-0.078247,0.090088,-0.016846
2026-05-01 14:58:38,-1.6836,-2.0313,9.8047,0.992737,-0.077454,0.090088,-0.017700
2026-05-01 14:58:38,-2.4531,-2.0313,9.3047,0.991455,-0.079773,0.102783,-0.012268
2026-05-01 14:58:38,-2.1836,-2.3750,10.6914,0.991394,-0.084961,0.099182,-0.005798
2026-05-01 14:58:38,-2.4141,-2.1836,10.3047,0.991272,-0.085999,0.099854,-0.003601
2026-05-01 14:58:38,-2.4141,-2.4141,10.0313,0.991211,-0.086182,0.100159,-0.003052
2026-05-01 14:58:38,-2.2969,-1.8398,9.3867,0.990784,-0.086975,0.103699,0.001526
2026-05-01 14:58:38,-2.3750,-1.9922,9.0039,0.990112,-0.088013,0.108887,0.007385
2026-05-01 14:58:38,-2.5664,-2.0313,8.4609,0.989746,-0.088196,0.111633,0.011047
2026-05-01 14:58:38,-2.4531,-1.9922,7.8906,0.989502,-0.088745,0.112915,0.014526
2026-05-01 14:58:38,-2.3359,-1.7227,7.6602,0.989380,-0.090149,0.112732,0.018188
2026-05-01 14:58:38,-2.1055,-1.3789,8.5039,0.989319,-0.090759,0.112244,0.019409
2026-05-01 14:58:39,-2.1055,-0.3828,8.4648,0.989990,-0.094177,0.099182,0.034058
2026-05-01 14:58:39,-1.0352,-0.8828,13.7148,0.990784,-0.101562,0.081177,0.037781
2026-05-01 14:58:39,-1.4180,-1.8008,8.9258,0.990906,-0.099854,0.082947,0.035828
2026-05-01 14:58:39,-1.5703,-1.6094,8.5781,0.990967,-0.099060,0.083435,0.035522
2026-05-01 14:58:39,-1.9531,-1.4180,8.5391,0.991028,-0.097168,0.084839,0.035339
2026-05-01 14:58:39,-1.8398,-2.4883,9.8086,0.991028,-0.095459,0.086914,0.035278
2026-05-01 14:58:39,-2.0703,-2.3750,10.3828,0.991028,-0.093506,0.088806,0.035156
2026-05-01 14:58:39,-1.6094,-1.4180,10.3438,0.991089,-0.091553,0.089966,0.034668
2026-05-01 14:58:39,-1.6094,-1.1094,9.4648,0.991211,-0.090149,0.090759,0.033875
2026-05-01 14:58:39,-1.5703,-0.7656,9.3086,0.991211,-0.090027,0.090820,0.033630
2026-05-01 14:58:39,-1.1094,-1.7617,9.6875,0.992004,-0.093079,0.079956,0.029602
2026-05-01 14:58:39,-0.9570,-0.5352,9.0820,0.992065,-0.091797,0.080200,0.031555
2026-05-01 14:58:39,-1.0352,-0.4961,8.7773,0.992065,-0.091309,0.080078,0.033264
2026-05-01 14:58:39,-1.4180,-1.0352,8.7773,0.992188,-0.090637,0.078491,0.034912
2026-05-01 14:58:39,-1.9141,-1.2266,10.4180,0.992493,-0.089478,0.074707,0.037109
2026-05-01 14:58:39,-0.9180,-0.5352,9.4648,0.992615,-0.089478,0.071533,0.039490
2026-05-01 14:58:39,-1.1094,-0.5352,8.9609,0.992676,-0.090759,0.068115,0.041565
2026-05-01 14:58:39,-0.9570,-1.0352,8.7773,0.992676,-0.093384,0.063904,0.042725
2026-05-01 14:58:39,-1.4180,-2.1055,9.9648,0.992737,-0.095032,0.058533,0.044617
2026-05-01 14:58:39,-0.8438,-1.9922,9.7695,0.992920,-0.094971,0.054138,0.046875
2026-05-01 14:58:39,-0.3047,-2.0703,9.1172,0.993042,-0.093750,0.046631,0.053345
2026-05-01 14:58:39,-0.4219,-1.5313,9.1211,0.992676,-0.098206,0.051270,0.048584
2026-05-01 14:58:39,-0.4961,-1.6094,8.9609,0.992554,-0.099182,0.052429,0.047302
2026-05-01 14:58:39,-0.7266,-1.6484,9.3086,0.992432,-0.100586,0.053711,0.045776
2026-05-01 14:58:39,-0.9180,-1.5313,9.2695,0.992249,-0.101929,0.055298,0.044739
2026-05-01 14:58:39,-0.9570,-1.5313,9.5781,0.992065,-0.103516,0.056824,0.043823
2026-05-01 14:58:39,-5.3633,-0.1914,10.4570,0.991882,-0.109009,0.052185,0.039551
2026-05-01 14:58:39,-2.1055,-2.5664,9.8047,0.991638,-0.114807,0.047241,0.035461
2026-05-01 14:58:39,-1.0742,-2.4141,10.2305,0.991516,-0.116516,0.045776,0.034485
2026-05-01 14:58:39,-1.0742,-2.7578,10.0039,0.991333,-0.122620,0.037231,0.029846
2026-05-01 14:58:39,-1.0352,-1.7617,8.7773,0.991821,-0.120972,0.031128,0.026978
2026-05-01 14:58:39,-0.8047,-2.1055,9.0781,0.992615,-0.098389,0.056824,0.042542
2026-05-01 14:58:39,-0.9570,-1.9531,9.1992,0.992371,-0.096069,0.062561,0.045776
2026-05-01 14:58:40,-1.4922,-1.4570,9.3086,0.991821,-0.095703,0.068970,0.048279
2026-05-01 14:58:40,-2.3359,-0.5742,9.1211,0.991211,-0.096558,0.075134,0.049988
2026-05-01 14:58:40,-2.0313,-0.0391,9.0391,0.990417,-0.100220,0.080200,0.050354
2026-05-01 14:58:40,-1.9531,-2.9102,10.2305,0.989563,-0.105225,0.085266,0.049683
2026-05-01 14:58:40,-2.3750,-3.4102,10.5313,0.989197,-0.106995,0.087280,0.049316
2026-05-01 14:58:40,-2.2969,-2.7188,10.2695,0.988098,-0.110046,0.096375,0.048157
2026-05-01 14:58:40,-2.3359,-2.1836,10.3477,0.987671,-0.107544,0.103271,0.048096
2026-05-01 14:58:40,-2.9883,-0.8047,8.3516,0.982117,-0.083923,0.161133,0.049805
2026-05-01 14:58:40,-3.4102,-1.2266,9.6875,0.981812,-0.065002,0.169495,0.055420
2026-05-01 14:58:40,-3.4102,-0.9961,9.5391,0.982361,-0.062866,0.167175,0.055969
2026-05-01 14:58:40,-3.2930,-0.8828,9.5781,0.982971,-0.061218,0.163818,0.056458
2026-05-01 14:58:40,-3.2930,-0.9570,9.6133,0.983704,-0.059631,0.159851,0.056946
2026-05-01 14:58:40,-3.1406,-1.0742,9.5000,0.984497,-0.057251,0.155396,0.057495
2026-05-01 14:58:40,-2.7578,-0.7656,9.3867,0.985229,-0.054626,0.151428,0.058105
2026-05-01 14:58:40,-2.6797,-0.4961,9.1602,0.986023,-0.051392,0.147095,0.059082
2026-05-01 14:58:40,-2.7188,-0.3828,9.1172,0.986755,-0.048462,0.142700,0.060120
2026-05-01 14:58:40,-2.5664,-0.4219,9.1563,0.987366,-0.046692,0.138550,0.060913
2026-05-01 14:58:40,-1.6094,0.0000,8.6563,0.992126,-0.039124,0.097473,0.068298
2026-05-01 14:58:40,-1.1484,-0.8438,9.2266,0.993286,-0.048767,0.078308,0.070068
2026-05-01 14:58:40,-0.7656,-0.3828,8.8438,0.993591,-0.053589,0.068848,0.072205
2026-05-01 14:58:40,-0.6523,-0.3438,8.9219,0.993591,-0.057068,0.064087,0.073242
2026-05-01 14:58:40,-0.6523,-0.4219,9.0391,0.993591,-0.061340,0.059265,0.074097
2026-05-01 14:58:40,-0.6914,-0.8828,9.1992,0.993530,-0.066589,0.054810,0.074280
2026-05-01 14:58:40,-0.7656,-1.0352,9.5000,0.993347,-0.071960,0.050781,0.074463
2026-05-01 14:58:40,-0.6914,-1.3398,9.8828,0.993103,-0.077209,0.047363,0.074646
2026-05-01 14:58:40,-0.9570,-1.9922,10.0352,0.992798,-0.082275,0.043823,0.074890
2026-05-01 14:58:40,-0.8828,-1.8398,10.0039,0.992554,-0.086914,0.040039,0.075134
2026-05-01 14:58:40,-0.6523,-2.5664,9.9219,0.989624,-0.122925,0.023132,0.070496
2026-05-01 14:58:40,-1.4180,-3.0664,10.2305,0.986389,-0.148438,0.029175,0.064087
2026-05-01 14:58:40,-1.3008,-3.7930,10.9141,0.985352,-0.155518,0.032043,0.062561
2026-05-01 14:58:40,-0.6914,-3.6406,9.6523,0.984863,-0.157898,0.034058,0.062805
2026-05-01 14:58:40,-0.9961,-2.6797,9.1211,0.984497,-0.159363,0.037170,0.062988
2026-05-01 14:58:40,-0.9180,-2.6797,9.1953,0.984131,-0.160767,0.040649,0.062805
2026-05-01 14:58:40,-0.8828,-2.8711,9.1563,0.983765,-0.162415,0.044189,0.062256
2026-05-01 14:58:41,-1.0352,-3.1016,9.1172,0.983398,-0.163757,0.047913,0.061584
2026-05-01 14:58:41,-1.2656,-3.1406,9.1563,0.983154,-0.164673,0.051392,0.060913
2026-05-01 14:58:41,-1.3008,-3.4844,9.8438,0.982849,-0.165283,0.055298,0.060303
2026-05-01 14:58:41,-1.9531,-3.0273,9.6484,0.982788,-0.144348,0.096191,0.063354
2026-05-01 14:58:41,-2.1836,-2.2617,8.9258,0.983032,-0.132385,0.109863,0.063538
2026-05-01 14:58:41,-2.2617,-1.9922,8.8438,0.983032,-0.128174,0.114807,0.063416
2026-05-01 14:58:41,-2.4141,-1.9922,8.9219,0.982971,-0.124939,0.119263,0.062561
2026-05-01 14:58:41,-2.5664,-1.9531,9.0781,0.982910,-0.121948,0.123779,0.061096
2026-05-01 14:58:41,-2.6445,-1.9141,9.1602,0.982788,-0.119385,0.127502,0.059631
2026-05-01 14:58:41,-2.6797,-1.9141,9.1172,0.982727,-0.117615,0.130066,0.058594
2026-05-01 14:58:41,-2.8359,-2.1445,9.5430,0.982666,-0.114929,0.133972,0.057251
2026-05-01 14:58:41,-2.7578,-2.1445,9.5039,0.982605,-0.111816,0.137390,0.056030
2026-05-01 14:58:41,-2.7578,-2.0313,9.4219,0.982544,-0.108582,0.140808,0.054993
2026-05-01 14:58:41,-3.0273,-0.6523,9.0000,0.985535,-0.059265,0.151672,0.047119
2026-05-01 14:58:41,-2.7969,-0.8828,9.0039,0.986023,-0.053772,0.150452,0.046936
2026-05-01 14:58:41,-2.6445,-0.8438,9.1992,0.986450,-0.049194,0.149231,0.046753
2026-05-01 14:58:41,-2.8711,-0.9180,9.6523,0.987000,-0.043823,0.147583,0.046753
2026-05-01 14:58:41,-3.0664,-1.0352,9.6094,0.987488,-0.038635,0.145447,0.047424
2026-05-01 14:58:41,-3.0273,-0.7266,9.1172,0.988037,-0.034851,0.142212,0.048157
2026-05-01 14:58:41,-2.5273,-0.0391,8.5781,0.988647,-0.033752,0.138184,0.048462
2026-05-01 14:58:41,-2.5664,-0.1133,9.2305,0.989258,-0.033936,0.133789,0.048523
2026-05-01 14:58:41,-2.6445,-0.3047,9.4219,0.989807,-0.034424,0.129517,0.048706
2026-05-01 14:58:41,-2.4883,-0.5742,9.6914,0.990356,-0.034607,0.124878,0.049133
2026-05-01 14:58:41,-1.3008,-0.6523,9.1172,0.994568,-0.047974,0.076355,0.052246
2026-05-01 14:58:41,-0.8047,-0.5742,9.0430,0.995483,-0.059143,0.054016,0.051025
2026-05-01 14:58:41,-0.5352,-0.4219,9.1992,0.995605,-0.062744,0.047913,0.050476
2026-05-01 14:58:41,-0.6914,-0.6133,9.4258,0.995605,-0.063721,0.046326,0.050354
2026-05-01 14:58:41,-0.9180,-1.3789,9.7656,0.995605,-0.068604,0.038818,0.049988
2026-05-01 14:58:41,-0.8047,-1.0742,9.5430,0.995544,-0.071655,0.034790,0.050110
2026-05-01 14:58:41,-0.6523,-0.8828,9.3867,0.995361,-0.075684,0.031250,0.049927
2026-05-01 14:58:41,-0.4219,-0.9570,9.3828,0.995178,-0.079468,0.028687,0.049866
2026-05-01 14:58:41,-0.4961,-1.1875,9.2305,0.994873,-0.083923,0.026428,0.049744
2026-05-01 14:58:41,-0.4961,-1.3789,9.3047,0.994568,-0.088379,0.024780,0.049377
2026-05-01 14:58:42,-0.9180,-2.2617,9.3477,0.989807,-0.130005,0.032715,0.048401
2026-05-01 14:58:42,-1.1484,-2.4531,9.4219,0.988953,-0.134705,0.037781,0.049011
2026-05-01 14:58:42,-1.0742,-2.5664,9.7266,0.988464,-0.136780,0.041992,0.049683
2026-05-01 14:58:42,-1.4180,-2.9102,10.4570,0.988403,-0.136902,0.042664,0.049866
2026-05-01 14:58:42,-1.4922,-2.9102,10.0742,0.987915,-0.136169,0.051819,0.053101
2026-05-01 14:58:42,-1.3398,-2.6055,9.6484,0.987427,-0.136108,0.057800,0.056030
2026-05-01 14:58:42,-1.0742,-2.1055,8.5000,0.986877,-0.136963,0.062927,0.058472
2026-05-01 14:58:42,-0.9961,-1.9531,8.2734,0.986206,-0.138611,0.067810,0.060242
2026-05-01 14:58:42,-1.0352,-1.9922,8.2344,0.985413,-0.141663,0.071960,0.060852
2026-05-01 14:58:42,-1.6484,-2.5664,8.9258,0.984741,-0.144897,0.075134,0.060852
2026-05-01 14:58:42,-2.7188,-3.4844,10.1523,0.979431,-0.155884,0.112122,0.061768
2026-05-01 14:58:42,-2.1055,-2.5273,8.7344,0.979248,-0.153687,0.116943,0.061646
2026-05-01 14:58:42,-2.8711,-2.8359,9.6914,0.978821,-0.149292,0.126099,0.061279
2026-05-01 14:58:42,-2.7969,-3.2188,10.0352,0.978638,-0.147156,0.129700,0.061707
2026-05-01 14:58:42,-2.8711,-3.1797,9.9258,0.978577,-0.145874,0.131592,0.061829
2026-05-01 14:58:42,-2.9492,-2.9883,9.5781,0.978455,-0.140564,0.138000,0.062195
2026-05-01 14:58:42,-3.2930,-2.9492,9.9609,0.978455,-0.136230,0.142212,0.062195
2026-05-01 14:58:42,-3.2188,-2.9883,10.0313,0.978699,-0.130493,0.145874,0.062195
2026-05-01 14:58:42,-2.8711,-2.7188,9.7305,0.979004,-0.123657,0.149536,0.062378
2026-05-01 14:58:42,-3.2930,-2.1055,9.3438,0.979492,-0.115173,0.152832,0.062927
2026-05-01 14:58:42,-2.7578,-0.4609,8.6992,0.986023,-0.045105,0.147766,0.061951
2026-05-01 14:58:42,-2.3359,-0.0781,8.8164,0.988770,-0.033997,0.132141,0.060486
2026-05-01 14:58:42,-2.2617,-0.1133,8.7383,0.989624,-0.032837,0.126343,0.059875
2026-05-01 14:58:42,-2.2617,-0.1523,8.8125,0.990906,-0.032104,0.116760,0.058716
2026-05-01 14:58:42,-2.3359,-0.2305,8.9648,0.991211,-0.032043,0.114380,0.058472
2026-05-01 14:58:42,-2.0313,-0.2695,9.1563,0.991943,-0.031860,0.108154,0.057922
2026-05-01 14:58:42,-1.7227,-0.0781,8.7773,0.992676,-0.032104,0.101379,0.057434
2026-05-01 14:58:42,-1.7617,-0.0781,9.0430,0.992981,-0.032471,0.098083,0.057190
2026-05-01 14:58:42,-1.8789,-0.2695,9.2656,0.993958,-0.034241,0.087830,0.056580
2026-05-01 14:58:42,-1.7227,-0.6523,9.6914,0.994568,-0.035339,0.080444,0.056152
2026-05-01 14:58:42,-0.4961,-0.9570,9.9219,0.996521,-0.065308,0.019470,0.048462
2026-05-01 14:58:42,-0.4961,-1.1484,9.6133,0.995117,-0.086243,0.012878,0.046326
2026-05-01 14:58:42,-0.4961,-1.4922,9.5391,0.994507,-0.093384,0.013184,0.046021
2026-05-01 14:58:42,-0.4609,-1.7617,9.5820,0.993835,-0.100098,0.013733,0.045654
2026-05-01 14:58:42,-0.6133,-1.4180,9.8867,0.993164,-0.106384,0.014648,0.045227
2026-05-01 14:58:42,-0.3438,-2.0703,9.2305,0.992493,-0.112976,0.015808,0.044556
2026-05-01 14:58:43,-0.4609,-2.1055,9.3047,0.991699,-0.119812,0.017334,0.043884
2026-05-01 14:58:43,-0.4609,-1.8398,9.1953,0.991638,-0.120239,0.017456,0.043823
2026-05-01 14:58:43,-1.0742,-2.8359,9.7656,0.989746,-0.134033,0.021973,0.043640
2026-05-01 14:58:43,-0.9180,-2.6797,9.2656,0.988770,-0.140747,0.025146,0.043823
2026-05-01 14:58:43,-1.1484,-3.0664,9.4258,0.984009,-0.163757,0.049438,0.049622
2026-05-01 14:58:43,-1.4922,-3.0664,9.3438,0.983032,-0.166199,0.057983,0.051086
2026-05-01 14:58:43,-1.5703,-3.2930,9.3086,0.982666,-0.166626,0.062439,0.051514
2026-05-01 14:58:43,-1.6094,-3.1406,9.0391,0.982605,-0.166626,0.063721,0.051636
2026-05-01 14:58:43,-1.6484,-3.2188,9.3477,0.982239,-0.166199,0.070374,0.051758
2026-05-01 14:58:43,-1.9141,-3.4844,9.7695,0.981934,-0.164673,0.077637,0.051270
2026-05-01 14:58:43,-1.9141,-3.4492,9.7695,0.981934,-0.164001,0.079529,0.051270
2026-05-01 14:58:43,-1.9531,-3.1797,9.6133,0.981750,-0.162170,0.084778,0.051575
2026-05-01 14:58:43,-2.1445,-3.1016,9.4219,0.981628,-0.159546,0.090759,0.052002
2026-05-01 14:58:43,-2.2227,-3.0273,9.3828,0.981567,-0.158020,0.093750,0.052246
2026-05-01 14:58:43,-2.9492,-2.4531,9.2695,0.979858,-0.128296,0.142578,0.055237
2026-05-01 14:58:43,-3.0664,-2.2969,9.3867,0.979797,-0.124146,0.146912,0.055176
2026-05-01 14:58:43,-3.2188,-2.4141,9.5820,0.979736,-0.119324,0.150940,0.055237
2026-05-01 14:58:43,-3.2930,-2.4531,9.5039,0.979797,-0.114197,0.154419,0.055237
2026-05-01 14:58:43,-3.2188,-1.6484,9.0430,0.979858,-0.109009,0.157654,0.055664
2026-05-01 14:58:43,-3.4492,-1.5703,8.8867,0.979919,-0.103821,0.160828,0.056091
2026-05-01 14:58:43,-3.4492,-1.7227,9.0039,0.980042,-0.098999,0.163025,0.056030
2026-05-01 14:58:43,-3.4492,-1.7617,9.2656,0.980347,-0.093811,0.164673,0.055359
2026-05-01 14:58:43,-3.7930,-1.7227,9.5391,0.980774,-0.087646,0.165588,0.054199
2026-05-01 14:58:43,-3.9063,-1.7227,9.6094,0.981506,-0.079224,0.166138,0.052795
2026-05-01 14:58:43,-3.2188,-0.1133,8.6992,0.986877,-0.010071,0.153442,0.048828
2026-05-01 14:58:43,-2.3359,0.6523,8.8828,0.989990,0.009888,0.132202,0.048218
2026-05-01 14:58:43,-2.2969,0.8047,8.7344,0.990845,0.013306,0.125793,0.047791
2026-05-01 14:58:43,-2.1445,0.8828,8.6563,0.991516,0.014343,0.120300,0.046936
2026-05-01 14:58:43,-2.0703,0.7656,8.6563,0.992249,0.014648,0.114624,0.045837
2026-05-01 14:58:43,-1.9531,0.6523,8.6992,0.992981,0.013855,0.108582,0.044434
2026-05-01 14:58:43,-1.8398,0.3438,9.1211,0.993713,0.012695,0.102356,0.043091
2026-05-01 14:58:43,-1.6484,0.2695,8.7734,0.994385,0.011658,0.096436,0.041992
2026-05-01 14:58:43,-1.4922,0.3828,8.8438,0.995117,0.010498,0.089355,0.041138
2026-05-01 14:58:43,-1.5313,0.4219,8.9648,0.995361,0.010010,0.086243,0.040833
2026-05-01 14:58:44,-0.4961,-0.3047,9.9258,0.998779,-0.018005,0.028687,0.035156
2026-05-01 14:58:44,-0.4961,-0.4961,10.0742,0.998779,-0.023315,0.025635,0.034546
2026-05-01 14:58:44,-0.4961,-0.4609,9.9648,0.998718,-0.028687,0.023254,0.033936
2026-05-01 14:58:44,-0.2305,-0.5742,9.9219,0.998596,-0.034546,0.021301,0.033386
2026-05-01 14:58:44,-0.2695,-0.5742,9.7266,0.998413,-0.040955,0.019836,0.033081
2026-05-01 14:58:44,-0.3047,-0.8438,9.6875,0.998169,-0.047485,0.018555,0.032776
2026-05-01 14:58:44,-0.3047,-0.9961,9.7695,0.997803,-0.054504,0.017334,0.032593
2026-05-01 14:58:44,-0.1133,-1.1484,9.4258,0.997375,-0.062622,0.016174,0.032227
2026-05-01 14:58:44,-0.1523,-1.4570,9.7656,0.996887,-0.070618,0.015320,0.031677
2026-05-01 14:58:44,-0.0391,-1.4922,9.6875,0.995666,-0.086426,0.015015,0.030701
2026-05-01 14:58:44,-0.9180,-2.7578,9.8828,0.986877,-0.154846,0.035706,0.027710
2026-05-01 14:58:44,-1.1875,-3.4492,9.5039,0.986023,-0.159119,0.040588,0.027283
2026-05-01 14:58:44,-1.2266,-3.3711,9.2695,0.985779,-0.160278,0.041992,0.027222
2026-05-01 14:58:44,-1.0742,-3.2188,9.3477,0.984863,-0.164856,0.046814,0.026550
2026-05-01 14:58:44,-1.1094,-3.1797,9.3086,0.984253,-0.167847,0.049683,0.025757
2026-05-01 14:58:44,-1.3398,-3.2578,9.2266,0.983582,-0.170715,0.052673,0.024902
2026-05-01 14:58:44,-1.4570,-3.4844,9.5820,0.983032,-0.173157,0.055481,0.024231
2026-05-01 14:58:44,-1.5703,-3.7148,9.6875,0.982483,-0.175171,0.059204,0.024109
2026-05-01 14:58:44,-1.6094,-3.7930,9.6484,0.981995,-0.176453,0.063110,0.024475
2026-05-01 14:58:44,-1.6484,-3.9063,9.6133,0.981628,-0.176636,0.067261,0.025269
2026-05-01 14:58:44,-2.0703,-3.5625,9.3828,0.980591,-0.163513,0.103760,0.031067
2026-05-01 14:58:44,-2.0703,-2.8711,8.7734,0.980469,-0.157532,0.112732,0.033325
2026-05-01 14:58:44,-2.1055,-2.7578,8.6992,0.980530,-0.154480,0.116516,0.033936
2026-05-01 14:58:44,-2.4531,-2.8711,9.1953,0.980713,-0.151184,0.119385,0.034058
2026-05-01 14:58:44,-2.4141,-2.8711,9.3047,0.980896,-0.147461,0.122253,0.034058
2026-05-01 14:58:44,-2.4141,-2.8359,9.1953,0.981018,-0.143860,0.125305,0.033997
2026-05-01 14:58:44,-2.6445,-2.7188,8.9219,0.980957,-0.141113,0.129089,0.034607
2026-05-01 14:58:44,-2.5273,-2.7188,9.0430,0.980713,-0.138611,0.133118,0.035400
2026-05-01 14:58:44,-2.6445,-2.7188,9.2305,0.980530,-0.135925,0.136963,0.036072
2026-05-01 14:58:44,-3.0273,-2.4883,9.1953,0.980469,-0.132141,0.140991,0.036865
2026-05-01 14:58:44,-3.4844,-1.8789,9.0039,0.976990,-0.100342,0.181396,0.049744
2026-05-01 14:58:44,-3.7539,-1.1875,8.4609,0.974548,-0.094666,0.195801,0.054749
2026-05-01 14:58:44,-3.8672,-1.4180,8.5820,0.972961,-0.092590,0.203735,0.057312
2026-05-01 14:58:44,-3.7930,-1.8398,8.6563,0.971375,-0.091492,0.210938,0.059326
2026-05-01 14:58:44,-4.3672,-1.6094,8.2344,0.969666,-0.090454,0.218628,0.061218
2026-05-01 14:58:44,-4.6367,-1.5313,8.4219,0.968140,-0.089050,0.225281,0.062927
2026-05-01 14:58:44,-4.0977,-1.5703,8.2734,0.966614,-0.086365,0.232483,0.064819
2026-05-01 14:58:44,-4.0977,-1.3398,7.8516,0.965759,-0.084778,0.236084,0.065735
2026-05-01 14:58:44,-4.0977,-1.0742,7.7344,0.964478,-0.082336,0.241882,0.067139
2026-05-01 14:58:44,-5.2852,-0.3047,8.3906,0.960754,-0.075439,0.257690,0.069458
2026-05-01 14:58:45,-6.0898,-0.3438,8.0820,0.940857,-0.031799,0.329041,0.074097
2026-05-01 14:58:45,-6.0898,0.0391,7.3555,0.939331,-0.029114,0.333435,0.075256
2026-05-01 14:58:45,-6.1289,0.0000,7.6992,0.938049,-0.027100,0.336792,0.076355
2026-05-01 14:58:45,-6.3203,0.0391,7.6563,0.937073,-0.025330,0.339600,0.077332
2026-05-01 14:58:45,-6.2813,0.1133,7.2383,0.936035,-0.023987,0.342163,0.078369
2026-05-01 14:58:45,-6.1289,0.3438,7.3164,0.935242,-0.023254,0.344238,0.079163
2026-05-01 14:58:45,-6.2422,0.3828,7.0078,0.935120,-0.023132,0.344604,0.079285
2026-05-01 14:58:45,-6.0898,0.1914,6.9336,0.934509,-0.023499,0.346069,0.080078
2026-05-01 14:58:45,-6.1289,0.1523,6.9297,0.934265,-0.024231,0.346558,0.080627
2026-05-01 14:58:45,-6.1680,0.0781,7.3164,0.934265,-0.024902,0.346375,0.081116
2026-05-01 14:58:45,-5.7070,0.3047,7.0859,0.947937,-0.034973,0.307922,0.073120
2026-05-01 14:58:45,-5.2852,-0.3828,7.9727,0.954773,-0.042969,0.286011,0.068787
2026-05-01 14:58:45,-4.9414,-0.9180,8.3164,0.958435,-0.047546,0.273376,0.066101
2026-05-01 14:58:45,-4.7109,-0.9961,8.3516,0.961365,-0.051392,0.262756,0.063965
2026-05-01 14:58:45,-4.3672,-0.9570,8.2383,0.964050,-0.055420,0.252502,0.061951
2026-05-01 14:58:45,-4.4063,-0.8828,8.0820,0.966553,-0.059875,0.242004,0.060059
2026-05-01 14:58:45,-4.4063,-0.9570,8.8867,0.969055,-0.064880,0.230957,0.058167
2026-05-01 14:58:45,-4.1367,-1.1484,8.9648,0.970154,-0.067078,0.225891,0.057312
2026-05-01 14:58:45,-3.9844,-1.0742,8.8828,0.973694,-0.075256,0.208008,0.054260
2026-05-01 14:58:45,-3.6758,-1.5313,9.0000,0.975769,-0.081177,0.196472,0.052124
2026-05-01 14:58:45,-1.6836,-2.7188,9.7305,0.986694,-0.130066,0.092896,0.029419
2026-05-01 14:58:45,-1.4922,-2.9883,9.7305,0.987488,-0.141357,0.066040,0.023193
2026-05-01 14:58:45,-1.4570,-2.6445,9.5391,0.987732,-0.144592,0.055420,0.021118
2026-05-01 14:58:45,-0.9570,-3.1016,9.4609,0.987854,-0.147339,0.045044,0.018982
2026-05-01 14:58:45,-1.1094,-2.8711,9.1211,0.987976,-0.150146,0.033081,0.015930
2026-05-01 14:58:45,-0.5352,-2.7188,9.1172,0.987915,-0.154541,0.007568,0.008362
2026-05-01 14:58:45,0.4609,-3.2188,9.9609,0.987671,-0.156494,-0.002197,0.005188
2026-05-01 14:58:45,0.1914,-4.0977,10.4531,0.987305,-0.158386,-0.011719,0.002075
2026-05-01 14:58:45,-0.4219,-3.3320,9.9219,0.987183,-0.158936,-0.014465,0.001221
2026-05-01 14:58:45,0.4219,-3.1406,9.4258,0.986206,-0.162537,-0.031128,-0.004028
2026-05-01 14:58:45,2.0313,-3.1406,9.1563,0.977844,-0.177490,-0.107544,-0.028259
2026-05-01 14:58:45,2.0313,-3.7930,9.4648,0.977173,-0.178284,-0.111877,-0.029175
2026-05-01 14:58:46,2.8711,-3.4492,8.6172,0.975220,-0.179871,-0.125122,-0.031494
2026-05-01 14:58:46,3.0664,-3.2188,8.2734,0.973816,-0.180176,-0.134644,-0.033203
2026-05-01 14:58:46,3.0273,-3.2578,8.2773,0.972595,-0.180725,-0.141907,-0.035339
2026-05-01 14:58:46,3.0664,-3.1406,8.5039,0.971497,-0.181396,-0.148010,-0.037415
2026-05-01 14:58:46,2.8359,-3.4492,8.3164,0.970398,-0.182068,-0.153931,-0.039307
2026-05-01 14:58:46,2.9883,-3.5234,8.8438,0.969177,-0.182800,-0.160156,-0.040894
2026-05-01 14:58:46,3.2188,-3.2578,8.7773,0.967773,-0.183960,-0.166565,-0.042114
2026-05-01 14:58:46,3.3711,-3.0273,7.9727,0.965576,-0.186707,-0.175842,-0.043945
2026-05-01 14:58:46,4.2148,-3.1797,8.1992,0.954102,-0.200745,-0.215698,-0.053101
2026-05-01 14:58:46,4.1367,-3.5625,8.1211,0.954834,-0.201233,-0.212097,-0.052795
2026-05-01 14:58:46,4.0234,-3.5625,8.1992,0.955750,-0.200500,-0.208862,-0.052063
2026-05-01 14:58:46,4.0234,-3.4844,8.3516,0.956055,-0.200256,-0.207764,-0.051880
2026-05-01 14:58:46,3.8672,-3.5234,8.3945,0.957886,-0.198730,-0.200989,-0.050476
2026-05-01 14:58:46,4.0625,-3.2578,8.3945,0.959045,-0.197815,-0.196533,-0.049377
2026-05-01 14:58:46,3.8672,-3.3711,8.4258,0.960266,-0.197021,-0.191528,-0.048401
2026-05-01 14:58:46,3.9063,-3.5625,8.6992,0.961670,-0.196045,-0.185669,-0.047302
2026-05-01 14:58:46,4.0234,-3.6758,9.0820,0.963196,-0.195007,-0.179321,-0.046143
2026-05-01 14:58:46,3.7148,-3.5625,8.5820,0.964905,-0.193604,-0.171509,-0.044922
2026-05-01 14:58:46,2.3359,-3.5234,8.9609,0.979370,-0.173035,-0.101501,-0.024536
2026-05-01 14:58:46,2.4883,-3.5625,9.5820,0.982117,-0.165955,-0.086975,-0.018433
2026-05-01 14:58:46,1.6836,-3.7539,9.5430,0.983582,-0.161682,-0.078979,-0.015381
2026-05-01 14:58:46,1.4922,-3.4844,9.3828,0.985168,-0.156006,-0.070374,-0.012024
2026-05-01 14:58:46,1.3398,-3.3320,9.3086,0.986694,-0.150085,-0.062134,-0.009033
2026-05-01 14:58:46,1.2656,-2.9102,9.6094,0.987976,-0.144409,-0.054688,-0.006531
2026-05-01 14:58:46,1.1875,-2.6445,9.3438,0.988708,-0.141235,-0.050293,-0.005188
2026-05-01 14:58:46,1.0352,-2.3359,9.0781,0.989502,-0.137451,-0.044617,-0.003662
2026-05-01 14:58:46,0.4961,-2.0313,8.9258,0.991028,-0.129883,-0.031250,-0.000549
2026-05-01 14:58:46,0.3828,-2.2617,9.3867,0.991699,-0.126282,-0.023621,0.001038
2026-05-01 14:58:46,-0.4961,-1.1875,8.8477,0.995056,-0.092224,0.033997,0.013550
2026-05-01 14:58:46,-0.9961,-1.2656,9.6133,0.994324,-0.084351,0.062317,0.019104
2026-05-01 14:58:46,-1.5313,-1.6094,9.6914,0.993408,-0.086914,0.071960,0.020081
2026-05-01 14:58:46,-1.6484,-1.7227,9.3438,0.992981,-0.088196,0.075989,0.020508
2026-05-01 14:58:46,-1.8398,-1.6484,8.8438,0.991638,-0.092957,0.086670,0.021301
2026-05-01 14:58:46,-2.1055,-1.2656,8.3906,0.990723,-0.097473,0.092102,0.021484
2026-05-01 14:58:46,-1.9531,-0.9961,8.1992,0.989746,-0.103149,0.096313,0.021423
2026-05-01 14:58:46,-1.8398,-1.4570,8.3516,0.988647,-0.110413,0.099426,0.021057
2026-05-01 14:58:46,-1.9141,-1.6836,8.3945,0.987549,-0.118286,0.101685,0.020630
2026-05-01 14:58:46,-2.3359,-1.7617,8.4258,0.986450,-0.126282,0.102844,0.020325
2026-05-01 14:58:47,-2.2617,-2.7578,8.5000,0.974915,-0.203125,0.089050,0.017273
2026-05-01 14:58:47,-1.7227,-3.3711,8.6563,0.973999,-0.207703,0.088623,0.016724
2026-05-01 14:58:47,-1.3008,-4.7500,9.2266,0.973450,-0.210510,0.088623,0.016357
2026-05-01 14:58:47,-1.6484,-4.8281,9.1563,0.970459,-0.222961,0.091064,0.015137
2026-05-01 14:58:47,-1.8008,-4.9023,9.0000,0.968506,-0.230347,0.093323,0.014343
2026-05-01 14:58:47,-2.0313,-4.4805,8.7383,0.966675,-0.237244,0.095520,0.013672
2026-05-01 14:58:47,-1.9922,-4.5195,8.8164,0.964844,-0.243652,0.097595,0.013000
2026-05-01 14:58:47,-1.9922,-4.7891,8.8164,0.962952,-0.249939,0.100220,0.012390
2026-05-01 14:58:47,-2.1055,-4.9414,8.6172,0.961060,-0.256287,0.102966,0.012024
2026-05-01 14:58:47,-2.1836,-5.0547,8.5039,0.958923,-0.262878,0.105835,0.011902
